CODIGO_INST,ord,creditos,cred_reprob,num,n_asig,regular,max_vez,k,creditos_acum,cred_reprob_acum,num_acum,n_asignaturas_acum,prom_ponderado_acum,pct_creditos_reprob_acum,pct_creditos_reprob_ultimo,max_veces_cursado,art20,n_art20_acum,rep4,evento_art19
160004001,6053,18,0,75.9,6,True,1,1,18,0,75.9,6,4.216666666666667,0.0,0.0,1,0,0,0.0,0
160004001,6055,19,0,65.6,6,True,1,2,37,0,141.5,12,3.824324324324324,0.0,0.0,1,0,0,0.0,0
160004001,6056,20,20,22.8,6,True,1,3,57,20,164.3,18,2.8824561403508775,0.3508771929824561,1.0,1,0,0,0.0,1
160004002,6053,18,0,71.1,6,True,1,1,18,0,71.1,6,3.9499999999999997,0.0,0.0,1,0,0,0.0,0
160004002,6055,17,4,48.0,5,True,1,2,35,4,119.1,11,3.4028571428571426,0.11428571428571428,0.23529411764705882,1,0,0,0.0,0
160004002,6056,18,18,19.5,5,True,2,3,53,22,138.6,16,2.6150943396226416,0.41509433962264153,1.0,2,0,0,0.0,1
160004003,6053,18,3,64.1,6,True,1,1,18,3,64.1,6,3.561111111111111,0.16666666666666666,0.16666666666666666,1,0,0,0.0,0
160004003,6055,19,15,40.9,6,True,2,2,37,18,105.0,12,2.8378378378378377,0.4864864864864865,0.7894736842105263,2,1,1,0.0,0
160004003,6058,15,8,37.8,4,True,3,3,52,26,142.79999999999998,16,2.7461538461538457,0.5,0.5333333333333333,3,1,2,0.0,0
160004004,6053,18,0,66.3,6,True,1,1,18,0,66.3,6,3.683333333333333,0.0,0.0,1,0,0,0.0,0
160004004,6055,17,12,46.8,5,True,1,2,35,12,113.1,11,3.2314285714285713,0.34285714285714286,0.7058823529411765,1,1,1,0.0,0
160004004,6058,15,0,49.4,4,True,2,3,50,12,162.5,15,3.25,0.24,0.0,2,0,1,0.0,0
160004004,6059,18,0,67.9,5,True,1,4,68,12,230.4,20,3.388235294117647,0.17647058823529413,0.0,2,0,1,0.0,0
160004004,6060,4,0,16.4,1,False,1,5,72,12,246.8,21,3.427777777777778,0.16666666666666666,0.0,2,0,1,0.0,0
160004004,6061,19,0,73.2,6,True,1,6,91,12,320.0,27,3.5164835164835164,0.13186813186813187,0.0,2,0,1,0.0,0
160004004,6064,20,0,74.4,7,True,1,7,111,12,394.4,34,3.553153153153153,0.10810810810810811,0.0,2,0,1,0.0,0
160004004,6065,19,0,71.0,6,True,1,8,130,12,465.4,40,3.5799999999999996,0.09230769230769231,0.0,2,0,1,0.0,0
160004004,6067,17,0,60.7,5,True,1,9,147,12,526.1,45,3.5789115646258507,0.08163265306122448,0.0,2,0,1,0.0,0
160004004,6068,19,0,71.3,6,True,1,10,166,12,597.4,51,3.5987951807228913,0.07228915662650602,0.0,2,0,1,0.0,0
160004004,6070,13,0,49.7,4,True,1,11,179,12,647.1,55,3.6150837988826816,0.0670391061452514,0.0,2,0,1,0.0,0
160004005,6053,18,0,66.4,6,True,1,1,18,0,66.4,6,3.688888888888889,0.0,0.0,1,0,0,0.0,0
160004005,6054,4,0,18.4,1,False,1,2,22,0,84.80000000000001,7,3.854545454545455,0.0,0.0,1,0,0,0.0,0
160004005,6055,19,7,51.6,6,True,2,3,41,7,136.4,13,3.326829268292683,0.17073170731707318,0.3684210526315789,2,0,0,0.0,0
160004005,6056,15,4,52.0,5,True,2,4,56,11,188.4,18,3.3642857142857143,0.19642857142857142,0.26666666666666666,2,0,0,0.0,0
160004005,6058,14,4,41.5,4,True,2,5,70,15,229.9,22,3.2842857142857143,0.21428571428571427,0.2857142857142857,2,0,0,0.0,0
160004005,6059,15,12,42.2,4,True,2,6,85,27,272.1,26,3.2011764705882357,0.3176470588235294,0.8,2,1,1,0.0,0
160004005,6060,4,4,10.4,1,False,2,7,89,31,282.5,27,3.1741573033707864,0.34831460674157305,1.0,2,0,1,0.0,0
160004005,6061,16,4,54.400000000000006,4,True,3,8,105,35,336.90000000000003,31,3.208571428571429,0.3333333333333333,0.25,3,0,1,0.0,0
160004005,6064,17,0,67.2,5,True,4,9,122,35,404.1,36,3.3122950819672132,0.28688524590163933,0.0,4,0,1,0.0,0
160004005,6065,20,3,67.8,7,True,1,10,142,38,471.90000000000003,43,3.3232394366197187,0.2676056338028169,0.15,4,0,1,0.0,0
160004005,6067,17,0,65.0,5,True,2,11,159,38,536.9,48,3.3767295597484277,0.2389937106918239,0.0,4,0,1,0.0,0
160004005,6068,17,0,70.6,5,True,1,12,176,38,607.5,53,3.4517045454545454,0.2159090909090909,0.0,4,0,1,0.0,0
160004005,6070,13,0,47.0,4,True,1,13,189,38,654.5,57,3.462962962962963,0.20105820105820105,0.0,4,0,1,0.0,0
160004005,6071,16,0,58.599999999999994,5,True,1,14,205,38,713.1,62,3.4785365853658536,0.18536585365853658,0.0,4,0,1,0.0,0
160004006,6053,18,9,55.8,6,True,1,1,18,9,55.8,6,3.0999999999999996,0.5,0.5,1,0,0,0.0,0
160004006,6055,19,12,43.4,6,True,2,2,37,21,99.19999999999999,12,2.681081081081081,0.5675675675675675,0.631578947368421,2,1,1,0.0,0
160004006,6058,17,4,57.699999999999996,5,True,3,3,54,25,156.89999999999998,17,2.905555555555555,0.46296296296296297,0.23529411764705882,3,0,1,0.0,0
160004007,6053,18,18,15.3,6,True,1,1,18,18,15.3,6,0.8500000000000001,1.0,1.0,1,0,0,0.0,1
160004008,6053,18,0,67.7,6,True,1,1,18,0,67.7,6,3.761111111111111,0.0,0.0,1,0,0,0.0,0
160004008,6055,19,15,50.6,6,True,1,2,37,15,118.30000000000001,12,3.1972972972972977,0.40540540540540543,0.7894736842105263,1,1,1,0.0,0
160004008,6056,20,0,84.8,6,True,2,3,57,15,203.1,18,3.563157894736842,0.2631578947368421,0.0,2,0,1,0.0,0
160004008,6058,14,0,49.9,4,True,1,4,71,15,253.0,22,3.563380281690141,0.2112676056338028,0.0,2,0,1,0.0,0
160004008,6059,19,8,56.7,6,True,1,5,90,23,309.7,28,3.441111111111111,0.25555555555555554,0.42105263157894735,2,0,1,0.0,0
160004008,6061,18,0,68.4,5,True,2,6,108,23,378.1,33,3.500925925925926,0.21296296296296297,0.0,2,0,1,0.0,0
160004008,6064,19,0,84.3,6,True,1,7,127,23,462.4,39,3.6409448818897636,0.18110236220472442,0.0,2,0,1,0.0,0
160004008,6065,20,0,83.3,6,True,1,8,147,23,545.7,45,3.712244897959184,0.1564625850340136,0.0,2,0,1,0.0,0
160004008,6067,20,0,80.39999999999999,6,True,1,9,167,23,626.1,51,3.7491017964071855,0.1377245508982036,0.0,2,0,1,0.0,0
160004008,6068,23,0,101.2,7,True,1,10,190,23,727.3,58,3.8278947368421052,0.12105263157894737,0.0,2,0,1,0.0,0
160004012,6053,18,3,60.199999999999996,6,True,1,1,18,3,60.199999999999996,6,3.344444444444444,0.16666666666666666,0.16666666666666666,1,0,0,0.0,0
160004012,6055,19,12,45.4,6,True,2,2,37,15,105.6,12,2.8540540540540538,0.40540540540540543,0.631578947368421,2,1,1,0.0,0
160004012,6056,15,8,33.0,4,True,2,3,52,23,138.6,16,2.6653846153846152,0.4423076923076923,0.5333333333333333,2,1,2,0.0,0
160004012,6064,13,13,4.0,4,True,3,4,65,36,142.6,20,2.193846153846154,0.5538461538461539,1.0,3,0,2,0.0,1
160004013,6053,18,3,58.0,6,True,1,1,18,3,58.0,6,3.2222222222222223,0.16666666666666666,0.16666666666666666,1,0,0,0.0,0
160004013,6055,19,12,43.4,6,True,2,2,37,15,101.4,12,2.7405405405405405,0.40540540540540543,0.631578947368421,2,1,1,0.0,0
160004013,6056,15,8,32.1,4,True,2,3,52,23,133.5,16,2.5673076923076925,0.4423076923076923,0.5333333333333333,2,1,2,0.0,0
160004015,6053,19,0,69.9,6,True,1,1,19,0,69.9,6,3.6789473684210527,0.0,0.0,1,0,0,0.0,0
160004015,6055,18,0,67.4,6,True,1,2,37,0,137.3,12,3.7108108108108113,0.0,0.0,1,0,0,0.0,0
160004015,6056,17,4,61.7,5,True,1,3,54,4,199.0,17,3.685185185185185,0.07407407407407407,0.23529411764705882,1,0,0,0.0,0
160004015,6058,7,4,20.8,2,True,2,4,61,8,219.8,19,3.60327868852459,0.13114754098360656,0.5714285714285714,2,1,1,0.0,0
160004015,6059,17,0,58.7,5,True,3,5,78,8,278.5,24,3.5705128205128207,0.10256410256410256,0.0,3,0,1,0.0,0
160004015,6061,13,0,52.9,4,True,1,6,91,8,331.40000000000003,28,3.641758241758242,0.08791208791208792,0.0,3,0,1,0.0,0
160004016,6053,18,3,68.9,6,True,1,1,18,3,68.9,6,3.827777777777778,0.16666666666666666,0.16666666666666666,1,0,0,0.0,0
160004016,6055,20,0,65.9,6,True,2,2,38,3,134.8,12,3.547368421052632,0.07894736842105263,0.0,2,0,0,0.0,0
160004016,6056,18,8,59.900000000000006,5,True,1,3,56,11,194.70000000000002,17,3.4767857142857146,0.19642857142857142,0.4444444444444444,2,0,0,0.0,0
160004016,6058,18,8,49.4,5,True,2,4,74,19,244.10000000000002,22,3.298648648648649,0.25675675675675674,0.4444444444444444,2,0,0,0.0,0
160004016,6059,18,4,62.2,6,True,2,5,92,23,306.3,28,3.3293478260869565,0.25,0.2222222222222222,2,0,0,0.0,0
160004016,6060,4,4,10.4,1,False,3,6,96,27,316.70000000000005,29,3.2989583333333337,0.28125,1.0,3,0,0,0.0,0
160004016,6061,18,11,49.5,5,True,4,7,114,38,366.20000000000005,34,3.2122807017543864,0.3333333333333333,0.6111111111111112,4,1,1,1.0,1
160004016,6064,14,8,38.8,4,True,5,8,128,46,405.0,38,3.1640625,0.359375,0.5714285714285714,5,1,2,1.0,1
160004019,6053,18,0,68.2,6,True,1,1,18,0,68.2,6,3.788888888888889,0.0,0.0,1,0,0,0.0,0
160004019,6055,19,12,46.8,6,True,1,2,37,12,115.0,12,3.108108108108108,0.32432432432432434,0.631578947368421,1,1,1,0.0,0
160004019,6056,13,13,11.4,4,True,2,3,50,25,126.4,16,2.528,0.5,1.0,2,0,1,0.0,1
160004020,6053,18,0,67.9,6,True,1,1,18,0,67.9,6,3.7722222222222226,0.0,0.0,1,0,0,0.0,0
160004020,6055,19,8,56.599999999999994,6,True,1,2,37,8,124.5,12,3.364864864864865,0.21621621621621623,0.42105263157894735,1,0,0,0.0,0
160004020,6056,18,0,64.2,6,True,2,3,55,8,188.7,18,3.4309090909090907,0.14545454545454545,0.0,2,0,0,0.0,0
160004020,6058,15,15,35.300000000000004,4,True,1,4,70,23,224.0,22,3.2,0.32857142857142857,1.0,2,0,0,0.0,0
160004022,6053,18,0,64.0,6,True,1,1,18,0,64.0,6,3.5555555555555554,0.0,0.0,1,0,0,0.0,0
160004022,6055,17,15,34.5,5,True,1,2,35,15,98.5,11,2.8142857142857145,0.42857142857142855,0.8823529411764706,1,1,1,0.0,0
160004022,6058,15,15,20.6,4,True,2,3,50,30,119.1,15,2.3819999999999997,0.6,1.0,2,0,1,0.0,1
160004023,6053,18,3,61.6,6,True,1,1,18,3,61.6,6,3.4222222222222225,0.16666666666666666,0.16666666666666666,1,0,0,0.0,0
160004023,6054,4,0,17.2,1,False,1,2,22,3,78.8,7,3.5818181818181816,0.13636363636363635,0.0,1,0,0,0.0,0
160004023,6055,20,12,49.0,6,True,2,3,42,15,127.8,13,3.0428571428571427,0.35714285714285715,0.6,2,1,1,0.0,0
160004023,6056,15,4,41.6,4,True,2,4,57,19,169.4,17,2.9719298245614034,0.3333333333333333,0.26666666666666666,2,0,1,0.0,0
160004023,6058,13,0,46.6,4,True,2,5,70,19,216.0,21,3.085714285714286,0.2714285714285714,0.0,2,0,1,0.0,0
160004023,6059,18,8,44.1,5,True,1,6,88,27,260.1,26,2.9556818181818185,0.3068181818181818,0.4444444444444444,2,0,1,0.0,0
160004023,6061,13,0,46.3,4,True,2,7,101,27,306.4,30,3.0336633663366332,0.26732673267326734,0.0,2,0,1,0.0,0
160004023,6064,15,0,63.4,5,True,1,8,116,27,369.8,35,3.1879310344827587,0.23275862068965517,0.0,2,0,1,0.0,0
160004023,6065,16,0,57.3,5,True,1,9,132,27,427.1,40,3.235606060606061,0.20454545454545456,0.0,2,0,1,0.0,0
160004023,6067,16,0,65.5,5,True,1,10,148,27,492.6,45,3.3283783783783787,0.18243243243243243,0.0,2,0,1,0.0,0
160004023,6068,18,0,75.7,6,True,1,11,166,27,568.3,51,3.423493975903614,0.16265060240963855,0.0,2,0,1,0.0,0
160004023,6070,19,0,73.39999999999999,5,True,1,12,185,27,641.7,56,3.468648648648649,0.14594594594594595,0.0,2,0,1,0.0,0
160004023,6071,9,0,38.9,3,True,1,13,194,27,680.6,59,3.5082474226804123,0.13917525773195877,0.0,2,0,1,0.0,0
160004027,6053,18,18,27.3,6,True,1,1,18,18,27.3,6,1.5166666666666666,1.0,1.0,1,0,0,0.0,1
160004028,6053,18,18,21.5,6,True,1,1,18,18,21.5,6,1.1944444444444444,1.0,1.0,1,0,0,0.0,1
160004030,6053,18,10,51.6,6,True,1,1,18,10,51.6,6,2.8666666666666667,0.5555555555555556,0.5555555555555556,1,1,1,0.0,0
160004031,6053,18,0,70.9,6,True,1,1,18,0,70.9,6,3.938888888888889,0.0,0.0,1,0,0,0.0,0
160004031,6055,17,8,50.6,5,True,1,2,35,8,121.5,11,3.4714285714285715,0.22857142857142856,0.47058823529411764,1,0,0,0.0,0
160004031,6056,19,0,64.0,5,True,2,3,54,8,185.5,16,3.435185185185185,0.14814814814814814,0.0,2,0,0,0.0,0
160004031,6058,19,0,68.0,6,True,1,4,73,8,253.5,22,3.4726027397260273,0.1095890410958904,0.0,2,0,0,0.0,0
160004031,6059,16,8,48.5,5,True,1,5,89,16,302.0,27,3.393258426966292,0.1797752808988764,0.5,2,0,0,0.0,0
160004031,6061,20,0,82.3,6,True,2,6,109,16,384.3,33,3.5256880733944955,0.14678899082568808,0.0,2,0,0,0.0,0
160004031,6064,20,0,85.0,7,True,1,7,129,16,469.3,40,3.637984496124031,0.12403100775193798,0.0,2,0,0,0.0,0
160004031,6065,20,0,89.3,6,True,1,8,149,16,558.6,46,3.7489932885906043,0.10738255033557047,0.0,2,0,0,0.0,0
160004031,6067,17,0,70.4,5,True,1,9,166,16,629.0,51,3.789156626506024,0.0963855421686747,0.0,2,0,0,0.0,0
160004031,6068,17,0,73.9,5,True,1,10,183,16,702.9,56,3.840983606557377,0.08743169398907104,0.0,2,0,0,0.0,0
160004032,6053,18,3,70.1,6,True,1,1,18,3,70.1,6,3.894444444444444,0.16666666666666666,0.16666666666666666,1,0,0,0.0,0
160004032,6054,4,0,18.8,1,False,1,2,22,3,88.89999999999999,7,4.04090909090909,0.13636363636363635,0.0,1,0,0,0.0,0
160004032,6055,19,15,46.5,6,True,2,3,41,18,135.39999999999998,13,3.3024390243902433,0.43902439024390244,0.7894736842105263,2,1,1,0.0,0
160004032,6056,14,0,55.9,4,True,3,4,55,18,191.29999999999998,17,3.478181818181818,0.32727272727272727,0.0,3,0,1,0.0,0
160004032,6058,18,10,50.699999999999996,5,True,1,5,73,28,242.0,22,3.315068493150685,0.3835616438356164,0.5555555555555556,3,1,2,0.0,0
160004032,6059,13,4,46.900000000000006,4,True,2,6,86,32,288.9,26,3.359302325581395,0.37209302325581395,0.3076923076923077,3,0,2,0.0,0
160004032,6060,4,0,12.0,1,False,1,7,90,32,300.9,27,3.3433333333333333,0.35555555555555557,0.0,3,0,2,0.0,0
160004032,6061,15,0,55.3,5,True,3,8,105,32,356.2,32,3.392380952380952,0.3047619047619048,0.0,3,0,2,0.0,0
160004032,6064,17,0,68.4,5,True,1,9,122,32,424.6,37,3.4803278688524593,0.26229508196721313,0.0,3,0,2,0.0,0
160004032,6065,15,3,52.4,5,True,1,10,137,35,477.0,42,3.4817518248175183,0.25547445255474455,0.2,3,0,2,0.0,0
160004032,6067,16,0,69.8,5,True,2,11,153,35,546.8,47,3.5738562091503265,0.22875816993464052,0.0,3,0,2,0.0,0
160004032,6068,18,0,76.3,6,True,1,12,171,35,623.1,53,3.643859649122807,0.2046783625730994,0.0,3,0,2,0.0,0
160004032,6070,19,0,73.2,5,True,1,13,190,35,696.3,58,3.664736842105263,0.18421052631578946,0.0,3,0,2,0.0,0
160004032,6071,12,0,50.9,4,True,1,14,202,35,747.1999999999999,62,3.6990099009900987,0.17326732673267325,0.0,3,0,2,0.0,0
160004033,6053,18,3,68.3,6,True,1,1,18,3,68.3,6,3.7944444444444443,0.16666666666666666,0.16666666666666666,1,0,0,0.0,0
160004033,6055,20,0,70.2,6,True,2,2,38,3,138.5,12,3.6447368421052633,0.07894736842105263,0.0,2,0,0,0.0,0
160004033,6056,18,4,58.7,5,True,1,3,56,7,197.2,17,3.5214285714285714,0.125,0.2222222222222222,2,0,0,0.0,0
160004033,6058,17,4,54.5,5,True,2,4,73,11,251.7,22,3.447945205479452,0.1506849315068493,0.23529411764705882,2,0,0,0.0,0
160004033,6059,17,0,65.9,6,True,2,5,90,11,317.6,28,3.528888888888889,0.12222222222222222,0.0,2,0,0,0.0,0
160004033,6061,16,0,65.1,5,True,1,6,106,11,382.7,33,3.610377358490566,0.10377358490566038,0.0,2,0,0,0.0,0
160004033,6064,16,0,68.8,5,True,1,7,122,11,451.5,38,3.7008196721311477,0.09016393442622951,0.0,2,0,0,0.0,0
160004033,6065,20,0,91.89999999999999,6,True,1,8,142,11,543.4,44,3.8267605633802817,0.07746478873239436,0.0,2,0,0,0.0,0
160004033,6067,18,0,72.6,5,True,1,9,160,11,616.0,49,3.85,0.06875,0.0,2,0,0,0.0,0
160004033,6068,18,0,77.5,6,True,1,10,178,11,693.5,55,3.896067415730337,0.06179775280898876,0.0,2,0,0,0.0,0
160004034,6053,18,3,70.30000000000001,6,True,1,1,18,3,70.30000000000001,6,3.9055555555555563,0.16666666666666666,0.16666666666666666,1,0,0,0.0,0
160004034,6054,4,0,18.8,1,False,1,2,22,3,89.10000000000001,7,4.050000000000001,0.13636363636363635,0.0,1,0,0,0.0,0
160004034,6055,20,4,63.9,6,True,2,3,42,7,153.0,13,3.642857142857143,0.16666666666666666,0.2,2,0,0,0.0,0
160004034,6056,18,0,62.5,5,True,1,4,60,7,215.5,18,3.591666666666667,0.11666666666666667,0.0,2,0,0,0.0,0
160004034,6058,18,0,70.2,6,True,1,5,78,7,285.70000000000005,24,3.6628205128205136,0.08974358974358974,0.0,2,0,0,0.0,0
160004034,6059,17,0,60.7,5,True,1,6,95,7,346.40000000000003,29,3.6463157894736846,0.07368421052631578,0.0,2,0,0,0.0,0
160004034,6061,18,0,76.7,6,True,1,7,113,7,423.1,35,3.7442477876106195,0.061946902654867256,0.0,2,0,0,0.0,0
160004034,6064,18,0,81.5,6,True,1,8,131,7,504.6,41,3.851908396946565,0.05343511450381679,0.0,2,0,0,0.0,0
160004034,6065,17,0,73.80000000000001,5,True,1,9,148,7,578.4000000000001,46,3.9081081081081086,0.0472972972972973,0.0,2,0,0,0.0,0
160004034,6067,16,0,69.1,5,True,1,10,164,7,647.5,51,3.948170731707317,0.042682926829268296,0.0,2,0,0,0.0,0
160004034,6068,10,0,41.4,3,True,1,11,174,7,688.9,54,3.9591954022988505,0.040229885057471264,0.0,2,0,0,0.0,0
160004035,6059,17,17,18.8,5,True,1,1,17,17,18.8,5,1.1058823529411765,1.0,1.0,1,0,0,0.0,1
160004037,6053,18,18,15.7,6,True,1,1,18,18,15.7,6,0.8722222222222222,1.0,1.0,1,0,0,0.0,1
160004038,6053,18,3,72.4,6,True,1,1,18,3,72.4,6,4.022222222222222,0.16666666666666666,0.16666666666666666,1,0,0,0.0,0
160004038,6055,17,4,55.0,5,True,2,2,35,7,127.4,11,3.64,0.2,0.23529411764705882,2,0,0,0.0,0
160004038,6056,15,4,43.8,4,True,2,3,50,11,171.2,15,3.424,0.22,0.26666666666666666,2,0,0,0.0,0
160004038,6058,16,7,44.599999999999994,5,True,2,4,66,18,215.8,20,3.26969696969697,0.2727272727272727,0.4375,2,0,0,0.0,0
160004038,6059,10,4,33.9,3,True,2,5,76,22,249.7,23,3.2855263157894736,0.2894736842105263,0.4,2,0,0,0.0,0
160004038,6060,4,4,8.0,1,False,1,6,80,26,257.7,24,3.22125,0.325,1.0,2,0,0,0.0,0
160004040,6053,18,0,77.3,6,True,1,1,18,0,77.3,6,4.294444444444444,0.0,0.0,1,0,0,0.0,0
160004040,6055,17,0,65.6,5,True,1,2,35,0,142.89999999999998,11,4.082857142857142,0.0,0.0,1,0,0,0.0,0
160004040,6056,18,0,75.1,5,True,1,3,53,0,218.0,16,4.113207547169812,0.0,0.0,1,0,0,0.0,0
160004040,6058,18,0,72.5,6,True,1,4,71,0,290.5,22,4.091549295774648,0.0,0.0,1,0,0,0.0,0
160004040,6059,17,0,61.2,5,True,1,5,88,0,351.7,27,3.996590909090909,0.0,0.0,1,0,0,0.0,0
160004040,6061,18,0,76.0,6,True,1,6,106,0,427.7,33,4.034905660377358,0.0,0.0,1,0,0,0.0,0
160004040,6064,18,0,82.0,6,True,1,7,124,0,509.7,39,4.110483870967742,0.0,0.0,1,0,0,0.0,0
160004040,6065,17,0,73.0,5,True,1,8,141,0,582.7,44,4.1326241134751776,0.0,0.0,1,0,0,0.0,0
160004040,6067,16,0,68.9,5,True,1,9,157,0,651.6,49,4.15031847133758,0.0,0.0,1,0,0,0.0,0
160004040,6068,10,0,44.4,3,True,1,10,167,0,696.0,52,4.167664670658683,0.0,0.0,1,0,0,0.0,0
160004041,6053,18,3,66.7,6,True,1,1,18,3,66.7,6,3.7055555555555557,0.16666666666666666,0.16666666666666666,1,0,0,0.0,0
160004041,6055,20,0,67.5,6,True,2,2,38,3,134.2,12,3.5315789473684207,0.07894736842105263,0.0,2,0,0,0.0,0
160004041,6056,18,0,60.7,5,True,1,3,56,3,194.9,17,3.480357142857143,0.05357142857142857,0.0,2,0,0,0.0,0
160004041,6058,18,0,69.4,6,True,1,4,74,3,264.3,23,3.5716216216216217,0.04054054054054054,0.0,2,0,0,0.0,0
160004041,6059,17,0,61.4,5,True,1,5,91,3,325.7,28,3.579120879120879,0.03296703296703297,0.0,2,0,0,0.0,0
160004041,6061,18,0,76.7,6,True,1,6,109,3,402.4,34,3.691743119266055,0.027522935779816515,0.0,2,0,0,0.0,0
160004041,6064,18,0,81.8,6,True,1,7,127,3,484.2,40,3.81259842519685,0.023622047244094488,0.0,2,0,0,0.0,0
160004041,6065,17,0,73.2,5,True,1,8,144,3,557.4,45,3.870833333333333,0.020833333333333332,0.0,2,0,0,0.0,0
160004041,6067,16,0,68.3,5,True,1,9,160,3,625.7,50,3.9106250000000005,0.01875,0.0,2,0,0,0.0,0
160004041,6068,10,0,40.2,3,True,1,10,170,3,665.9,53,3.9170588235294117,0.01764705882352941,0.0,2,0,0,0.0,0
160004043,6053,18,0,70.4,6,True,1,1,18,0,70.4,6,3.9111111111111114,0.0,0.0,1,0,0,0.0,0
160004043,6055,17,3,55.300000000000004,5,True,1,2,35,3,125.70000000000002,11,3.591428571428572,0.08571428571428572,0.17647058823529413,1,0,0,0.0,0
160004043,6056,19,8,66.8,6,True,2,3,54,11,192.5,17,3.564814814814815,0.2037037037037037,0.42105263157894735,2,0,0,0.0,0
160004043,6058,17,3,61.699999999999996,5,True,2,4,71,14,254.2,22,3.5802816901408447,0.19718309859154928,0.17647058823529413,2,0,0,0.0,0
160004043,6059,19,4,61.8,6,True,2,5,90,18,316.0,28,3.511111111111111,0.2,0.21052631578947367,2,0,0,0.0,0
160004043,6060,4,0,14.8,1,False,2,6,94,18,330.8,29,3.519148936170213,0.19148936170212766,0.0,2,0,0,0.0,0
160004043,6061,16,0,61.2,5,True,1,7,110,18,392.0,34,3.5636363636363635,0.16363636363636364,0.0,2,0,0,0.0,0
160004043,6064,19,0,77.6,6,True,1,8,129,18,469.6,40,3.64031007751938,0.13953488372093023,0.0,2,0,0,0.0,0
160004043,6065,20,0,87.7,6,True,1,9,149,18,557.3,46,3.740268456375839,0.12080536912751678,0.0,2,0,0,0.0,0
160004043,6067,18,0,71.8,5,True,1,10,167,18,629.1,51,3.7670658682634732,0.10778443113772455,0.0,2,0,0,0.0,0
160004043,6068,18,0,73.8,6,True,1,11,185,18,702.9,57,3.7994594594594595,0.0972972972972973,0.0,2,0,0,0.0,0
160004044,6053,18,5,60.9,6,True,1,1,18,5,60.9,6,3.3833333333333333,0.2777777777777778,0.2777777777777778,1,0,0,0.0,0
160004044,6055,16,12,34.8,5,True,2,2,34,17,95.69999999999999,11,2.814705882352941,0.5,0.75,2,1,1,0.0,0
160004044,6058,15,11,35.1,4,True,2,3,49,28,130.8,15,2.669387755102041,0.5714285714285714,0.7333333333333333,2,1,2,0.0,0
160004045,6053,18,3,59.1,6,True,1,1,18,3,59.1,6,3.283333333333333,0.16666666666666666,0.16666666666666666,1,0,0,0.0,0
160004045,6055,20,14,27.9,6,True,2,2,38,17,87.0,12,2.289473684210526,0.4473684210526316,0.7,2,1,1,0.0,0
160004046,6053,18,9,52.7,6,True,1,1,18,9,52.7,6,2.927777777777778,0.5,0.5,1,0,0,0.0,0
160004046,6055,19,15,38.1,6,True,2,2,37,24,90.80000000000001,12,2.4540540540540543,0.6486486486486487,0.7894736842105263,2,1,1,0.0,0
160004046,6058,18,11,36.6,5,True,3,3,55,35,127.4,17,2.3163636363636364,0.6363636363636364,0.6111111111111112,3,1,2,0.0,0
160004047,6053,18,3,62.800000000000004,6,True,1,1,18,3,62.800000000000004,6,3.488888888888889,0.16666666666666666,0.16666666666666666,1,0,0,0.0,0
160004047,6055,9,7,27.2,3,True,2,2,27,10,90.0,9,3.3333333333333335,0.37037037037037035,0.7777777777777778,2,1,1,0.0,0
160004047,6056,14,7,29.999999999999996,4,True,3,3,41,17,120.0,13,2.926829268292683,0.4146341463414634,0.5,3,0,1,0.0,0
160004047,6058,11,8,12.8,3,True,2,4,52,25,132.8,16,2.553846153846154,0.4807692307692308,0.7272727272727273,3,1,2,0.0,0
160004048,6053,18,3,63.400000000000006,6,True,1,1,18,3,63.400000000000006,6,3.5222222222222226,0.16666666666666666,0.16666666666666666,1,0,0,0.0,0
160004048,6055,20,16,44.1,6,True,2,2,38,19,107.5,12,2.8289473684210527,0.5,0.8,2,1,1,0.0,0
160004049,6053,18,0,73.1,6,True,1,1,18,0,73.1,6,4.061111111111111,0.0,0.0,1,0,0,0.0,0
160004049,6055,17,4,52.6,5,True,1,2,35,4,125.69999999999999,11,3.591428571428571,0.11428571428571428,0.23529411764705882,1,0,0,0.0,0
160004049,6056,20,4,68.0,6,True,2,3,55,8,193.7,17,3.5218181818181815,0.14545454545454545,0.2,2,0,0,0.0,0
160004049,6058,17,0,57.6,5,True,2,4,72,8,251.29999999999998,22,3.4902777777777776,0.1111111111111111,0.0,2,0,0,0.0,0
160004049,6059,19,7,57.2,6,True,1,5,91,15,308.5,28,3.39010989010989,0.16483516483516483,0.3684210526315789,2,0,0,0.0,0
160004049,6060,4,4,9.6,1,False,2,6,95,19,318.09999999999997,29,3.3484210526315787,0.2,1.0,2,0,0,0.0,0
160004049,6061,14,3,46.599999999999994,4,True,3,7,109,22,364.7,33,3.3458715596330273,0.2018348623853211,0.21428571428571427,3,0,0,0.0,0
160004049,6064,17,0,73.1,6,True,3,8,126,22,437.79999999999995,39,3.4746031746031742,0.1746031746031746,0.0,3,0,0,0.0,0
160004049,6065,19,0,80.0,6,True,1,9,145,22,517.8,45,3.5710344827586202,0.15172413793103448,0.0,3,0,0,0.0,0
160004049,6067,18,3,68.2,5,True,1,10,163,25,586.0,50,3.5950920245398774,0.15337423312883436,0.16666666666666666,3,0,0,0.0,0
160004049,6068,16,0,66.1,5,True,2,11,179,25,652.1,55,3.6430167597765366,0.13966480446927373,0.0,3,0,0,0.0,0
160004049,6070,13,0,53.199999999999996,4,True,1,12,192,25,705.3,59,3.6734375,0.13020833333333334,0.0,3,0,0,0.0,0
160004050,6053,18,0,68.1,6,True,1,1,18,0,68.1,6,3.783333333333333,0.0,0.0,1,0,0,0.0,0
160004050,6055,17,12,43.6,5,True,1,2,35,12,111.69999999999999,11,3.1914285714285713,0.34285714285714286,0.7058823529411765,1,1,1,0.0,0
160004050,6056,15,4,47.9,4,True,2,3,50,16,159.6,15,3.1919999999999997,0.32,0.26666666666666666,2,0,1,0.0,0
160004050,6058,15,7,38.0,4,True,3,4,65,23,197.6,19,3.04,0.35384615384615387,0.4666666666666667,3,0,1,0.0,0
160004050,6059,16,4,44.8,5,True,2,5,81,27,242.39999999999998,24,2.9925925925925925,0.3333333333333333,0.25,3,0,1,0.0,0
160004050,6061,18,0,65.4,5,True,2,6,99,27,307.8,29,3.1090909090909093,0.2727272727272727,0.0,3,0,1,0.0,0
160004050,6064,20,0,79.8,7,True,1,7,119,27,387.6,36,3.257142857142857,0.226890756302521,0.0,3,0,1,0.0,0
160004050,6065,16,6,53.3,5,True,1,8,135,33,440.9,41,3.265925925925926,0.24444444444444444,0.375,3,0,1,0.0,0
160004050,6067,16,0,60.0,5,True,2,9,151,33,500.9,46,3.3172185430463577,0.2185430463576159,0.0,3,0,1,0.0,0
160004050,6068,18,0,67.2,6,True,1,10,169,33,568.1,52,3.3615384615384616,0.1952662721893491,0.0,3,0,1,0.0,0
160004050,6070,15,0,51.099999999999994,4,True,1,11,184,33,619.2,56,3.365217391304348,0.1793478260869565,0.0,3,0,1,0.0,0
160004050,6071,16,0,58.5,5,True,1,12,200,33,677.7,61,3.3885,0.165,0.0,3,0,1,0.0,0
160004100,6055,18,11,46.2,6,True,1,1,18,11,46.2,6,2.566666666666667,0.6111111111111112,0.6111111111111112,1,1,1,0.0,0
160004101,6055,18,11,40.0,6,True,1,1,18,11,40.0,6,2.2222222222222223,0.6111111111111112,0.6111111111111112,1,1,1,0.0,0
160004102,6055,18,18,13.7,6,True,1,1,18,18,13.7,6,0.7611111111111111,1.0,1.0,1,0,0,0.0,1
160004103,6055,18,0,60.8,6,True,1,1,18,0,60.8,6,3.3777777777777778,0.0,0.0,1,0,0,0.0,0
160004103,6056,17,0,56.8,5,True,1,2,35,0,117.6,11,3.36,0.0,0.0,1,0,0,0.0,0
160004103,6058,18,0,64.3,5,True,1,3,53,0,181.89999999999998,16,3.432075471698113,0.0,0.0,1,0,0,0.0,0
160004103,6059,18,0,64.4,6,True,1,4,71,0,246.3,22,3.4690140845070423,0.0,0.0,1,0,0,0.0,0
160004103,6061,17,0,66.7,5,True,1,5,88,0,313.0,27,3.5568181818181817,0.0,0.0,1,0,0,0.0,0
160004103,6064,18,0,80.6,6,True,1,6,106,0,393.6,33,3.7132075471698114,0.0,0.0,1,0,0,0.0,0
160004103,6065,18,0,77.4,6,True,1,7,124,0,471.0,39,3.7983870967741935,0.0,0.0,1,0,0,0.0,0
160004103,6067,17,0,64.2,5,True,1,8,141,0,535.2,44,3.795744680851064,0.0,0.0,1,0,0,0.0,0
160004103,6068,16,0,68.6,5,True,1,9,157,0,603.8,49,3.845859872611465,0.0,0.0,1,0,0,0.0,0
160004103,6070,10,0,44.6,3,True,1,10,167,0,648.4,52,3.882634730538922,0.0,0.0,1,0,0,0.0,0
160004104,6067,17,3,62.9,5,True,1,1,17,3,62.9,5,3.6999999999999997,0.17647058823529413,0.17647058823529413,1,0,0,0.0,0
160004104,6068,17,7,54.300000000000004,5,True,2,2,34,10,117.2,10,3.447058823529412,0.29411764705882354,0.4117647058823529,2,0,0,0.0,0
160004104,6070,13,0,41.8,4,True,2,3,47,10,159.0,14,3.382978723404255,0.2127659574468085,0.0,2,0,0,0.0,0
160004104,6071,18,0,68.2,6,True,1,4,65,10,227.2,20,3.4953846153846153,0.15384615384615385,0.0,2,0,0,0.0,0
160004104,6073,18,0,69.6,6,True,1,5,83,10,296.8,26,3.5759036144578316,0.12048192771084337,0.0,2,0,0,0.0,0
160004104,6074,17,0,68.0,6,True,1,6,100,10,364.8,32,3.648,0.1,0.0,2,0,0,0.0,0
160004104,6076,14,3,49.2,5,True,1,7,114,13,414.0,37,3.6315789473684212,0.11403508771929824,0.21428571428571427,2,0,0,0.0,0
160004104,6077,16,0,66.39999999999999,5,True,2,8,130,13,480.4,42,3.695384615384615,0.1,0.0,2,0,0,0.0,0
160004105,6055,18,11,42.4,6,True,1,1,18,11,42.4,6,2.3555555555555556,0.6111111111111112,0.6111111111111112,1,1,1,0.0,0
160004106,6055,18,0,82.8,6,True,1,1,18,0,82.8,6,4.6,0.0,0.0,1,0,0,0.0,0
160004106,6056,17,0,59.9,5,True,1,2,35,0,142.7,11,4.0771428571428565,0.0,0.0,1,0,0,0.0,0
160004106,6058,18,0,67.9,5,True,1,3,53,0,210.6,16,3.973584905660377,0.0,0.0,1,0,0,0.0,0
160004106,6059,18,0,64.3,6,True,1,4,71,0,274.9,22,3.8718309859154925,0.0,0.0,1,0,0,0.0,0
160004106,6061,17,0,62.5,5,True,1,5,88,0,337.4,27,3.834090909090909,0.0,0.0,1,0,0,0.0,0
160004106,6064,18,0,75.9,6,True,1,6,106,0,413.3,33,3.899056603773585,0.0,0.0,1,0,0,0.0,0
160004106,6065,18,0,79.8,6,True,1,7,124,0,493.1,39,3.976612903225807,0.0,0.0,1,0,0,0.0,0
160004106,6067,17,0,62.6,5,True,1,8,141,0,555.7,44,3.94113475177305,0.0,0.0,1,0,0,0.0,0
160004106,6068,16,0,64.9,5,True,1,9,157,0,620.6,49,3.952866242038217,0.0,0.0,1,0,0,0.0,0
160004106,6070,10,0,42.6,3,True,1,10,167,0,663.2,52,3.9712574850299402,0.0,0.0,1,0,0,0.0,0
160004107,6055,18,4,57.9,6,True,1,1,18,4,57.9,6,3.216666666666667,0.2222222222222222,0.2222222222222222,1,0,0,0.0,0
160004107,6056,17,8,52.0,5,True,2,2,35,12,109.9,11,3.14,0.34285714285714286,0.47058823529411764,2,0,0,0.0,0
160004107,6058,15,4,47.8,4,True,2,3,50,16,157.7,15,3.154,0.32,0.26666666666666666,2,0,0,0.0,0
160004107,6059,16,7,46.7,5,True,3,4,66,23,204.4,20,3.096969696969697,0.3484848484848485,0.4375,3,0,0,0.0,0
160004107,6061,15,0,57.9,4,True,2,5,81,23,262.3,24,3.2382716049382716,0.2839506172839506,0.0,3,0,0,0.0,0
160004107,6064,18,0,68.2,5,True,1,6,99,23,330.5,29,3.3383838383838382,0.23232323232323232,0.0,3,0,0,0.0,0
160004107,6065,17,3,57.3,6,True,1,7,116,26,387.8,35,3.3431034482758624,0.22413793103448276,0.17647058823529413,3,0,0,0.0,0
160004107,6067,17,0,66.89999999999999,6,True,2,8,133,26,454.7,41,3.418796992481203,0.19548872180451127,0.0,3,0,0,0.0,0
160004107,6068,20,0,86.6,6,True,1,9,153,26,541.3,47,3.537908496732026,0.16993464052287582,0.0,3,0,0,0.0,0
160004107,6070,15,0,58.2,4,True,1,10,168,26,599.5,51,3.568452380952381,0.15476190476190477,0.0,3,0,0,0.0,0
160004107,6071,17,0,75.0,5,True,1,11,185,26,674.5,56,3.645945945945946,0.14054054054054055,0.0,3,0,0,0.0,0
160004107,6073,8,0,34.400000000000006,3,True,1,12,193,26,708.9,59,3.6730569948186527,0.13471502590673576,0.0,3,0,0,0.0,0
160004108,6055,18,0,72.5,6,True,1,1,18,0,72.5,6,4.027777777777778,0.0,0.0,1,0,0,0.0,0
160004108,6056,17,8,55.5,5,True,1,2,35,8,128.0,11,3.657142857142857,0.22857142857142856,0.47058823529411764,1,0,0,0.0,0
160004108,6058,16,0,57.3,5,True,2,3,51,8,185.3,16,3.6333333333333337,0.1568627450980392,0.0,2,0,0,0.0,0
160004108,6059,19,0,64.4,5,True,1,4,70,8,249.7,21,3.567142857142857,0.11428571428571428,0.0,2,0,0,0.0,0
160004108,6061,20,0,70.89999999999999,6,True,1,5,90,8,320.6,27,3.5622222222222226,0.08888888888888889,0.0,2,0,0,0.0,0
160004108,6064,19,0,79.3,7,True,1,6,109,8,399.9,34,3.668807339449541,0.07339449541284404,0.0,2,0,0,0.0,0
160004108,6065,19,0,79.5,6,True,1,7,128,8,479.4,40,3.7453125,0.0625,0.0,2,0,0,0.0,0
160004108,6067,17,0,63.9,5,True,1,8,145,8,543.3,45,3.7468965517241375,0.05517241379310345,0.0,2,0,0,0.0,0
160004108,6068,20,0,76.4,6,True,1,9,165,8,619.7,51,3.755757575757576,0.048484848484848485,0.0,2,0,0,0.0,0
160004108,6070,10,0,40.199999999999996,3,True,1,10,175,8,659.9,54,3.770857142857143,0.045714285714285714,0.0,2,0,0,0.0,0
160004109,6055,18,0,65.8,6,True,1,1,18,0,65.8,6,3.6555555555555554,0.0,0.0,1,0,0,0.0,0
160004109,6056,17,4,51.6,5,True,1,2,35,4,117.4,11,3.3542857142857145,0.11428571428571428,0.23529411764705882,1,0,0,0.0,0
160004109,6058,18,0,60.7,5,True,2,3,53,4,178.1,16,3.360377358490566,0.07547169811320754,0.0,2,0,0,0.0,0
160004109,6059,19,8,61.0,6,True,1,4,72,12,239.1,22,3.3208333333333333,0.16666666666666666,0.42105263157894735,2,0,0,0.0,0
160004109,6061,15,0,54.900000000000006,4,True,2,5,87,12,294.0,26,3.3793103448275863,0.13793103448275862,0.0,2,0,0,0.0,0
160004109,6064,18,3,71.2,6,True,1,6,105,15,365.20000000000005,32,3.4780952380952384,0.14285714285714285,0.16666666666666666,2,0,0,0.0,0
160004109,6065,19,0,74.7,6,True,2,7,124,15,439.90000000000003,38,3.5475806451612906,0.12096774193548387,0.0,2,0,0,0.0,0
160004109,6067,18,0,66.4,6,True,1,8,142,15,506.3,44,3.565492957746479,0.1056338028169014,0.0,2,0,0,0.0,0
160004109,6068,18,0,77.5,6,True,1,9,160,15,583.8000000000001,50,3.6487500000000006,0.09375,0.0,2,0,0,0.0,0
160004109,6070,18,0,73.4,5,True,1,10,178,15,657.2,55,3.6921348314606743,0.08426966292134831,0.0,2,0,0,0.0,0
160004109,6071,4,0,16.4,1,True,1,11,182,15,673.6,56,3.7010989010989013,0.08241758241758242,0.0,2,0,0,0.0,0
160004110,6055,18,11,45.2,6,True,1,1,18,11,45.2,6,2.511111111111111,0.6111111111111112,0.6111111111111112,1,1,1,0.0,0
160004110,6056,16,4,52.2,5,True,2,2,34,15,97.4,11,2.864705882352941,0.4411764705882353,0.25,2,0,1,0.0,0
160004111,6055,18,0,74.5,6,True,1,1,18,0,74.5,6,4.138888888888889,0.0,0.0,1,0,0,0.0,0
160004111,6056,17,4,49.8,5,True,1,2,35,4,124.3,11,3.551428571428571,0.11428571428571428,0.23529411764705882,1,0,0,0.0,0
160004111,6058,18,0,65.1,5,True,2,3,53,4,189.39999999999998,16,3.573584905660377,0.07547169811320754,0.0,2,0,0,0.0,0
160004111,6059,19,8,60.400000000000006,6,True,1,4,72,12,249.8,22,3.4694444444444446,0.16666666666666666,0.42105263157894735,2,0,0,0.0,0
160004111,6061,15,0,54.199999999999996,4,True,2,5,87,12,304.0,26,3.4942528735632186,0.13793103448275862,0.0,2,0,0,0.0,0
160004111,6064,18,0,72.0,6,True,1,6,105,12,376.0,32,3.580952380952381,0.11428571428571428,0.0,2,0,0,0.0,0
160004111,6065,18,0,72.2,6,True,1,7,123,12,448.2,38,3.6439024390243904,0.0975609756097561,0.0,2,0,0,0.0,0
160004111,6067,16,0,61.8,5,True,1,8,139,12,510.0,43,3.6690647482014387,0.08633093525179857,0.0,2,0,0,0.0,0
160004111,6068,18,0,75.0,6,True,1,9,157,12,585.0,49,3.7261146496815285,0.07643312101910828,0.0,2,0,0,0.0,0
160004111,6070,18,0,70.6,5,True,1,10,175,12,655.6,54,3.7462857142857144,0.06857142857142857,0.0,2,0,0,0.0,0
160004111,6071,4,0,13.6,1,True,1,11,179,12,669.2,55,3.7385474860335197,0.0670391061452514,0.0,2,0,0,0.0,0
160004112,6055,18,4,57.0,6,True,1,1,18,4,57.0,6,3.1666666666666665,0.2222222222222222,0.2222222222222222,1,0,0,0.0,0
160004112,6056,17,8,51.0,5,True,2,2,35,12,108.0,11,3.085714285714286,0.34285714285714286,0.47058823529411764,2,0,0,0.0,0
160004112,6058,17,8,52.7,5,True,2,3,52,20,160.7,16,3.090384615384615,0.38461538461538464,0.47058823529411764,2,0,0,0.0,0
160004112,6059,16,0,56.4,5,True,3,4,68,20,217.1,21,3.192647058823529,0.29411764705882354,0.0,3,0,0,0.0,0
160004112,6061,16,0,54.4,4,True,1,5,84,20,271.5,25,3.232142857142857,0.23809523809523808,0.0,3,0,0,0.0,0
160004112,6064,20,7,67.0,6,True,1,6,104,27,338.5,31,3.2548076923076925,0.25961538461538464,0.35,3,0,0,0.0,0
160004112,6065,16,0,56.1,5,True,2,7,120,27,394.6,36,3.2883333333333336,0.225,0.0,3,0,0,0.0,0
160004112,6067,18,0,72.5,6,True,1,8,138,27,467.1,42,3.3847826086956525,0.1956521739130435,0.0,3,0,0,0.0,0
160004112,6068,20,0,82.5,6,True,1,9,158,27,549.6,48,3.478481012658228,0.17088607594936708,0.0,3,0,0,0.0,0
160004112,6070,15,0,57.9,4,True,1,10,173,27,607.5,52,3.5115606936416186,0.15606936416184972,0.0,3,0,0,0.0,0
160004112,6071,15,0,67.4,5,True,1,11,188,27,674.9,57,3.5898936170212763,0.14361702127659576,0.0,3,0,0,0.0,0
160004112,6073,6,0,24.900000000000002,2,True,1,12,194,27,699.8,59,3.6072164948453604,0.13917525773195877,0.0,3,0,0,0.0,0
160004113,6059,11,11,24.7,3,True,1,1,11,11,24.7,3,2.2454545454545456,1.0,1.0,1,0,0,0.0,1
160004114,6054,4,4,6.8,1,False,1,1,4,4,6.8,1,1.7,1.0,1.0,1,0,0,0.0,0
160004114,6055,18,11,41.1,6,True,2,2,22,15,47.9,7,2.1772727272727272,0.6818181818181818,0.6111111111111112,2,1,1,0.0,0
160004114,6058,11,7,34.7,3,True,3,3,33,22,82.6,10,2.503030303030303,0.6666666666666666,0.6363636363636364,3,1,2,0.0,0
160004115,6055,18,18,21.0,6,True,1,1,18,18,21.0,6,1.1666666666666667,1.0,1.0,1,0,0,0.0,1
160004116,6055,18,0,64.9,6,True,1,1,18,0,64.9,6,3.605555555555556,0.0,0.0,1,0,0,0.0,0
160004116,6056,17,0,60.800000000000004,5,True,1,2,35,0,125.70000000000002,11,3.591428571428572,0.0,0.0,1,0,0,0.0,0
160004116,6058,18,0,61.2,5,True,1,3,53,0,186.9,16,3.526415094339623,0.0,0.0,1,0,0,0.0,0
160004116,6059,18,7,56.6,6,True,1,4,71,7,243.5,22,3.4295774647887325,0.09859154929577464,0.3888888888888889,1,0,0,0.0,0
160004116,6064,15,10,43.2,5,True,2,5,86,17,286.70000000000005,27,3.3337209302325586,0.19767441860465115,0.6666666666666666,2,1,1,0.0,0
160004116,6065,13,0,43.5,4,True,3,6,99,17,330.20000000000005,31,3.3353535353535357,0.1717171717171717,0.0,3,0,1,0.0,0
160004116,6067,16,13,20.8,5,True,1,7,115,30,351.0,36,3.0521739130434784,0.2608695652173913,0.8125,3,1,2,0.0,0
160004116,6068,9,9,0.0,3,True,2,8,124,39,351.0,39,2.8306451612903225,0.31451612903225806,1.0,3,0,2,0.0,1
160004117,6055,18,0,66.5,6,True,1,1,18,0,66.5,6,3.6944444444444446,0.0,0.0,1,0,0,0.0,0
160004117,6056,15,0,49.0,4,True,1,2,33,0,115.5,10,3.5,0.0,0.0,1,0,0,0.0,0
160004117,6058,20,2,70.2,6,True,1,3,53,2,185.7,16,3.50377358490566,0.03773584905660377,0.1,1,0,0,0.0,0
160004117,6059,20,0,68.2,7,True,2,4,73,2,253.9,23,3.478082191780822,0.0273972602739726,0.0,2,0,0,0.0,0
160004117,6061,17,0,67.2,5,True,1,5,90,2,321.1,28,3.567777777777778,0.022222222222222223,0.0,2,0,0,0.0,0
160004117,6064,18,0,79.3,6,True,1,6,108,2,400.4,34,3.7074074074074073,0.018518518518518517,0.0,2,0,0,0.0,0
160004117,6065,18,0,77.3,6,True,1,7,126,2,477.7,40,3.791269841269841,0.015873015873015872,0.0,2,0,0,0.0,0
160004117,6067,17,3,64.0,5,True,1,8,143,5,541.7,45,3.7881118881118883,0.03496503496503497,0.17647058823529413,2,0,0,0.0,0
160004117,6068,19,0,77.8,6,True,2,9,162,5,619.5,51,3.824074074074074,0.030864197530864196,0.0,2,0,0,0.0,0
160004117,6070,10,0,43.6,3,True,1,10,172,5,663.1,54,3.855232558139535,0.029069767441860465,0.0,2,0,0,0.0,0
160004118,6055,18,0,62.2,6,True,1,1,18,0,62.2,6,3.4555555555555557,0.0,0.0,1,0,0,0.0,0
160004118,6056,17,4,54.0,5,True,1,2,35,4,116.2,11,3.3200000000000003,0.11428571428571428,0.23529411764705882,1,0,0,0.0,0
160004118,6058,18,0,72.9,5,True,2,3,53,4,189.10000000000002,16,3.567924528301887,0.07547169811320754,0.0,2,0,0,0.0,0
160004118,6059,19,0,62.1,6,True,1,4,72,4,251.20000000000002,22,3.488888888888889,0.05555555555555555,0.0,2,0,0,0.0,0
160004118,6061,17,4,62.8,5,True,1,5,89,8,314.0,27,3.5280898876404496,0.0898876404494382,0.23529411764705882,2,0,0,0.0,0
160004118,6064,19,0,78.69999999999999,6,True,2,6,108,8,392.7,33,3.636111111111111,0.07407407407407407,0.0,2,0,0,0.0,0
160004118,6065,18,0,73.1,6,True,1,7,126,8,465.79999999999995,39,3.6968253968253966,0.06349206349206349,0.0,2,0,0,0.0,0
160004118,6067,18,0,71.80000000000001,6,True,1,8,144,8,537.6,45,3.7333333333333334,0.05555555555555555,0.0,2,0,0,0.0,0
160004118,6068,17,0,67.9,5,True,1,9,161,8,605.5,50,3.760869565217391,0.049689440993788817,0.0,2,0,0,0.0,0
160004118,6070,14,0,58.4,4,True,1,10,175,8,663.9,54,3.7937142857142856,0.045714285714285714,0.0,2,0,0,0.0,0
160004119,6055,18,4,59.400000000000006,6,True,1,1,18,4,59.400000000000006,6,3.3000000000000003,0.2222222222222222,0.2222222222222222,1,0,0,0.0,0
160004119,6056,17,4,52.6,5,True,2,2,35,8,112.0,11,3.2,0.22857142857142856,0.23529411764705882,2,0,0,0.0,0
160004119,6058,17,8,53.300000000000004,5,True,2,3,52,16,165.3,16,3.178846153846154,0.3076923076923077,0.47058823529411764,2,0,0,0.0,0
160004119,6059,16,4,53.7,5,True,3,4,68,20,219.0,21,3.2205882352941178,0.29411764705882354,0.25,3,0,0,0.0,0
160004119,6061,20,0,72.8,5,True,3,5,88,20,291.8,26,3.315909090909091,0.22727272727272727,0.0,3,0,0,0.0,0
160004119,6064,19,3,69.1,6,True,1,6,107,23,360.9,32,3.372897196261682,0.21495327102803738,0.15789473684210525,3,0,0,0.0,0
160004119,6065,15,0,52.5,5,True,2,7,122,23,413.4,37,3.388524590163934,0.1885245901639344,0.0,3,0,0,0.0,0
160004119,6067,15,0,55.0,5,True,1,8,137,23,468.4,42,3.4189781021897807,0.1678832116788321,0.0,3,0,0,0.0,0
160004119,6068,17,0,73.9,5,True,1,9,154,23,542.3,47,3.5214285714285714,0.14935064935064934,0.0,3,0,0,0.0,0
160004119,6070,15,0,62.4,4,True,1,10,169,23,604.7,51,3.5781065088757398,0.13609467455621302,0.0,3,0,0,0.0,0
160004119,6071,15,0,64.2,5,True,1,11,184,23,668.9,56,3.6353260869565216,0.125,0.0,3,0,0,0.0,0
160004119,6073,6,0,23.7,2,True,1,12,190,23,692.6,58,3.6452631578947368,0.12105263157894737,0.0,3,0,0,0.0,0
160004121,6055,18,0,71.4,6,True,1,1,18,0,71.4,6,3.966666666666667,0.0,0.0,1,0,0,0.0,0
160004121,6056,17,4,50.0,5,True,1,2,35,4,121.4,11,3.468571428571429,0.11428571428571428,0.23529411764705882,1,0,0,0.0,0
160004122,6055,18,13,44.6,6,True,1,1,18,13,44.6,6,2.477777777777778,0.7222222222222222,0.7222222222222222,1,1,1,0.0,0
160004122,6058,16,7,47.39999999999999,5,True,2,2,34,20,92.0,11,2.7058823529411766,0.5882352941176471,0.4375,2,0,1,0.0,0
160004123,6055,18,0,61.2,6,True,1,1,18,0,61.2,6,3.4000000000000004,0.0,0.0,1,0,0,0.0,0
160004123,6056,17,4,49.7,5,True,1,2,35,4,110.9,11,3.1685714285714286,0.11428571428571428,0.23529411764705882,1,0,0,0.0,0
160004123,6058,16,0,54.9,5,True,2,3,51,4,165.8,16,3.250980392156863,0.0784313725490196,0.0,2,0,0,0.0,0
160004123,6059,17,8,50.2,5,True,1,4,68,12,216.0,21,3.176470588235294,0.17647058823529413,0.47058823529411764,2,0,0,0.0,0
160004123,6061,18,4,60.0,5,True,2,5,86,16,276.0,26,3.2093023255813953,0.18604651162790697,0.2222222222222222,2,0,0,0.0,0
160004123,6064,16,0,72.2,5,True,3,6,102,16,348.20000000000005,31,3.4137254901960787,0.1568627450980392,0.0,3,0,0,0.0,0
160004123,6065,18,0,78.0,6,True,1,7,120,16,426.20000000000005,37,3.551666666666667,0.13333333333333333,0.0,3,0,0,0.0,0
160004123,6067,17,0,69.9,5,True,1,8,137,16,496.1,42,3.621167883211679,0.11678832116788321,0.0,3,0,0,0.0,0
160004123,6068,13,0,58.0,4,True,1,9,150,16,554.1,46,3.694,0.10666666666666667,0.0,3,0,0,0.0,0
160004123,6070,15,0,63.9,5,True,1,10,165,16,618.0,51,3.7454545454545456,0.09696969696969697,0.0,3,0,0,0.0,0
160004123,6071,18,0,81.1,5,True,1,11,183,16,699.1,56,3.820218579234973,0.08743169398907104,0.0,3,0,0,0.0,0
160004124,6054,4,0,12.0,1,False,1,1,4,0,12.0,1,3.0,0.0,0.0,1,0,0,0.0,0
160004124,6055,18,7,51.6,6,True,2,2,22,7,63.6,7,2.890909090909091,0.3181818181818182,0.3888888888888889,2,0,0,0.0,0
160004124,6058,20,11,52.599999999999994,6,True,2,3,42,18,116.19999999999999,13,2.7666666666666666,0.42857142857142855,0.55,2,1,1,0.0,0
160004125,6055,18,3,58.599999999999994,6,True,1,1,18,3,58.599999999999994,6,3.255555555555555,0.16666666666666666,0.16666666666666666,1,0,0,0.0,0
160004125,6056,20,4,70.69999999999999,6,True,2,2,38,7,129.29999999999998,12,3.402631578947368,0.18421052631578946,0.2,2,0,0,0.0,0
160004125,6058,16,4,57.9,5,True,2,3,54,11,187.2,17,3.4666666666666663,0.2037037037037037,0.25,2,0,0,0.0,0
160004125,6059,19,0,65.2,5,True,2,4,73,11,252.39999999999998,22,3.4575342465753423,0.1506849315068493,0.0,2,0,0,0.0,0
160004125,6061,20,0,72.4,6,True,1,5,93,11,324.79999999999995,28,3.492473118279569,0.11827956989247312,0.0,2,0,0,0.0,0
160004125,6064,19,0,81.19999999999999,7,True,1,6,112,11,406.0,35,3.625,0.09821428571428571,0.0,2,0,0,0.0,0
160004125,6065,19,0,81.9,6,True,1,7,131,11,487.9,41,3.7244274809160305,0.08396946564885496,0.0,2,0,0,0.0,0
160004125,6067,17,0,68.6,5,True,1,8,148,11,556.5,46,3.760135135135135,0.07432432432432433,0.0,2,0,0,0.0,0
160004125,6068,20,0,79.0,6,True,1,9,168,11,635.5,52,3.7827380952380953,0.06547619047619048,0.0,2,0,0,0.0,0
160004125,6070,10,0,43.0,3,True,1,10,178,11,678.5,55,3.811797752808989,0.06179775280898876,0.0,2,0,0,0.0,0
160004126,6055,18,3,58.4,6,True,1,1,18,3,58.4,6,3.2444444444444445,0.16666666666666666,0.16666666666666666,1,0,0,0.0,0
160004126,6056,20,4,69.2,6,True,2,2,38,7,127.6,12,3.357894736842105,0.18421052631578946,0.2,2,0,0,0.0,0
160004126,6058,16,0,56.7,5,True,2,3,54,7,184.3,17,3.412962962962963,0.12962962962962962,0.0,2,0,0,0.0,0
160004126,6059,18,4,59.1,5,True,1,4,72,11,243.4,22,3.3805555555555555,0.1527777777777778,0.2222222222222222,2,0,0,0.0,0
160004126,6061,18,0,60.4,5,True,2,5,90,11,303.8,27,3.3755555555555556,0.12222222222222222,0.0,2,0,0,0.0,0
160004126,6064,14,0,57.7,5,True,1,6,104,11,361.5,32,3.4759615384615383,0.10576923076923077,0.0,2,0,0,0.0,0
160004126,6065,18,0,71.39999999999999,6,True,1,7,122,11,432.9,38,3.5483606557377048,0.09016393442622951,0.0,2,0,0,0.0,0
160004126,6067,17,0,69.0,6,True,1,8,139,11,501.9,44,3.610791366906475,0.07913669064748201,0.0,2,0,0,0.0,0
160004126,6068,18,0,76.8,5,True,1,9,157,11,578.7,49,3.685987261146497,0.07006369426751592,0.0,2,0,0,0.0,0
160004126,6070,18,0,69.0,5,True,1,10,175,11,647.7,54,3.7011428571428575,0.06285714285714286,0.0,2,0,0,0.0,0
160004126,6071,3,0,11.399999999999999,1,True,1,11,178,11,659.1,55,3.702808988764045,0.06179775280898876,0.0,2,0,0,0.0,0
160004127,6055,18,9,41.699999999999996,6,True,1,1,18,9,41.699999999999996,6,2.3166666666666664,0.5,0.5,1,0,0,0.0,0
160004128,6055,18,0,58.0,6,True,1,1,18,0,58.0,6,3.2222222222222223,0.0,0.0,1,0,0,0.0,0
160004128,6056,17,8,50.8,5,True,1,2,35,8,108.8,11,3.1085714285714285,0.22857142857142856,0.47058823529411764,1,0,0,0.0,0
160004128,6058,14,11,33.1,4,True,2,3,49,19,141.9,15,2.895918367346939,0.3877551020408163,0.7857142857142857,2,1,1,0.0,0
160004128,6061,13,8,32.5,4,True,3,4,62,27,174.4,19,2.8129032258064517,0.43548387096774194,0.6153846153846154,3,1,2,0.0,0
160004130,6054,4,0,12.4,1,False,1,1,4,0,12.4,1,3.1,0.0,0.0,1,0,0,0.0,0
160004130,6055,18,7,52.3,6,True,2,2,22,7,64.7,7,2.940909090909091,0.3181818181818182,0.3888888888888889,2,0,0,0.0,0
160004130,6056,16,0,58.7,5,True,2,3,38,7,123.4,12,3.2473684210526317,0.18421052631578946,0.0,2,0,0,0.0,0
160004130,6058,18,4,56.800000000000004,5,True,1,4,56,11,180.2,17,3.2178571428571425,0.19642857142857142,0.2222222222222222,2,0,0,0.0,0
160004130,6059,15,3,48.1,5,True,2,5,71,14,228.3,22,3.2154929577464793,0.19718309859154928,0.2,2,0,0,0.0,0
160004130,6061,13,0,48.4,4,True,2,6,84,14,276.7,26,3.294047619047619,0.16666666666666666,0.0,2,0,0,0.0,0
160004130,6064,16,8,45.6,4,True,1,7,100,22,322.3,30,3.2230000000000003,0.22,0.5,2,0,0,0.0,0
160004130,6065,11,4,34.8,3,True,2,8,111,26,357.1,33,3.2171171171171173,0.23423423423423423,0.36363636363636365,2,0,0,0.0,0
160004130,6067,13,0,57.4,4,True,3,9,124,26,414.5,37,3.342741935483871,0.20967741935483872,0.0,3,0,0,0.0,0
160004130,6068,18,0,73.7,6,True,1,10,142,26,488.2,43,3.4380281690140846,0.18309859154929578,0.0,3,0,0,0.0,0
160004130,6070,15,0,58.099999999999994,5,True,1,11,157,26,546.3,48,3.479617834394904,0.16560509554140126,0.0,3,0,0,0.0,0
160004130,6071,18,4,67.9,5,True,1,12,175,30,614.2,53,3.509714285714286,0.17142857142857143,0.2222222222222222,3,0,0,0.0,0
160004130,6073,18,0,69.19999999999999,5,True,2,13,193,30,683.4,58,3.5409326424870464,0.15544041450777202,0.0,3,0,0,0.0,0
160004130,6074,4,0,17.2,2,True,1,14,197,30,700.6,60,3.5563451776649746,0.15228426395939088,0.0,3,0,0,0.0,0
160004132,6055,18,0,68.60000000000001,6,True,1,1,18,0,68.60000000000001,6,3.811111111111112,0.0,0.0,1,0,0,0.0,0
160004132,6056,17,4,51.6,5,True,1,2,35,4,120.20000000000002,11,3.4342857142857146,0.11428571428571428,0.23529411764705882,1,0,0,0.0,0
160004132,6058,16,0,54.0,5,True,2,3,51,4,174.20000000000002,16,3.415686274509804,0.0784313725490196,0.0,2,0,0,0.0,0
160004132,6059,18,12,50.7,5,True,1,4,69,16,224.9,21,3.2594202898550724,0.2318840579710145,0.6666666666666666,2,1,1,0.0,0
160004132,6061,19,4,69.3,5,True,2,5,88,20,294.20000000000005,26,3.3431818181818187,0.22727272727272727,0.21052631578947367,2,0,1,0.0,0
160004132,6064,19,0,79.0,6,True,3,6,107,20,373.20000000000005,32,3.48785046728972,0.18691588785046728,0.0,3,0,1,0.0,0
160004132,6065,20,0,79.3,7,True,1,7,127,20,452.5,39,3.562992125984252,0.15748031496062992,0.0,3,0,1,0.0,0
160004132,6067,16,0,64.3,5,True,1,8,143,20,516.8,44,3.613986013986014,0.13986013986013987,0.0,3,0,1,0.0,0
160004132,6068,20,0,88.1,6,True,1,9,163,20,604.9,50,3.7110429447852757,0.12269938650306748,0.0,3,0,1,0.0,0
160004132,6070,15,0,56.8,4,True,1,10,178,20,661.7,54,3.7174157303370787,0.11235955056179775,0.0,3,0,1,0.0,0
160004132,6071,9,0,31.2,3,True,1,11,187,20,692.9,57,3.7053475935828875,0.10695187165775401,0.0,3,0,1,0.0,0
160004133,6055,18,18,18.9,6,True,1,1,18,18,18.9,6,1.0499999999999998,1.0,1.0,1,0,0,0.0,1
160004134,6055,18,0,72.1,6,True,1,1,18,0,72.1,6,4.0055555555555555,0.0,0.0,1,0,0,0.0,0
160004134,6056,17,0,59.3,5,True,1,2,35,0,131.39999999999998,11,3.7542857142857136,0.0,0.0,1,0,0,0.0,0
160004134,6058,18,0,65.6,5,True,1,3,53,0,197.0,16,3.7169811320754715,0.0,0.0,1,0,0,0.0,0
160004134,6059,18,4,65.6,6,True,1,4,71,4,262.59999999999997,22,3.698591549295774,0.056338028169014086,0.2222222222222222,1,0,0,0.0,0
160004134,6061,17,0,68.5,5,True,2,5,88,4,331.09999999999997,27,3.7624999999999997,0.045454545454545456,0.0,2,0,0,0.0,0
160004134,6064,19,0,83.5,6,True,1,6,107,4,414.59999999999997,33,3.8747663551401867,0.037383177570093455,0.0,2,0,0,0.0,0
160004134,6065,18,0,75.4,6,True,1,7,125,4,490.0,39,3.92,0.032,0.0,2,0,0,0.0,0
160004134,6067,18,0,75.30000000000001,6,True,1,8,143,4,565.3,45,3.953146853146853,0.027972027972027972,0.0,2,0,0,0.0,0
160004134,6068,18,0,78.2,5,True,1,9,161,4,643.5,50,3.9968944099378882,0.024844720496894408,0.0,2,0,0,0.0,0
160004134,6070,10,0,42.8,3,True,1,10,171,4,686.3,53,4.0134502923976605,0.023391812865497075,0.0,2,0,0,0.0,0
160004135,6055,18,0,67.5,6,True,1,1,18,0,67.5,6,3.75,0.0,0.0,1,0,0,0.0,0
160004135,6056,17,8,51.0,5,True,1,2,35,8,118.5,11,3.3857142857142857,0.22857142857142856,0.47058823529411764,1,0,0,0.0,0
160004135,6058,14,11,34.8,4,True,2,3,49,19,153.3,15,3.128571428571429,0.3877551020408163,0.7857142857142857,2,1,1,0.0,0
160004135,6059,15,15,20.1,4,True,3,4,64,34,173.4,19,2.709375,0.53125,1.0,3,0,1,0.0,1
160004136,6055,18,3,53.7,6,True,1,1,18,3,53.7,6,2.9833333333333334,0.16666666666666666,0.16666666666666666,1,0,0,0.0,0
160004136,6056,20,4,66.4,6,True,2,2,38,7,120.10000000000001,12,3.160526315789474,0.18421052631578946,0.2,2,0,0,0.0,0
160004136,6058,16,11,45.199999999999996,5,True,2,3,54,18,165.3,17,3.0611111111111113,0.3333333333333333,0.6875,2,1,1,0.0,0
160004137,6064,17,0,73.5,5,True,1,1,17,0,73.5,5,4.323529411764706,0.0,0.0,1,0,0,0.0,0
160004137,6065,20,3,66.8,6,True,1,2,37,3,140.3,11,3.791891891891892,0.08108108108108109,0.15,1,0,0,0.0,0
160004137,6067,18,0,68.3,6,True,2,3,55,3,208.6,17,3.7927272727272725,0.05454545454545454,0.0,2,0,0,0.0,0
160004137,6068,18,0,63.4,6,True,1,4,73,3,272.0,23,3.7260273972602738,0.0410958904109589,0.0,2,0,0,0.0,0
160004137,6070,18,0,76.2,6,True,1,5,91,3,348.2,29,3.826373626373626,0.03296703296703297,0.0,2,0,0,0.0,0
160004137,6071,18,0,75.1,6,True,1,6,109,3,423.29999999999995,35,3.8834862385321096,0.027522935779816515,0.0,2,0,0,0.0,0
160004137,6073,17,0,59.9,6,True,1,7,126,3,483.2,41,3.8349206349206346,0.023809523809523808,0.0,2,0,0,0.0,0
160004137,6074,12,0,55.7,4,True,1,8,138,3,538.9,45,3.9050724637681156,0.021739130434782608,0.0,2,0,0,0.0,0
160004139,6055,18,0,81.5,6,True,1,1,18,0,81.5,6,4.527777777777778,0.0,0.0,1,0,0,0.0,0
160004139,6056,17,0,61.800000000000004,5,True,1,2,35,0,143.3,11,4.094285714285714,0.0,0.0,1,0,0,0.0,0
160004139,6058,18,0,68.3,5,True,1,3,53,0,211.6,16,3.9924528301886792,0.0,0.0,1,0,0,0.0,0
160004139,6059,18,0,66.3,6,True,1,4,71,0,277.9,22,3.9140845070422534,0.0,0.0,1,0,0,0.0,0
160004139,6061,17,0,63.5,5,True,1,5,88,0,341.4,27,3.8795454545454544,0.0,0.0,1,0,0,0.0,0
160004139,6064,18,0,76.1,6,True,1,6,106,0,417.5,33,3.938679245283019,0.0,0.0,1,0,0,0.0,0
160004139,6065,18,0,81.4,6,True,1,7,124,0,498.9,39,4.023387096774194,0.0,0.0,1,0,0,0.0,0
160004139,6067,17,0,64.6,5,True,1,8,141,0,563.5,44,3.99645390070922,0.0,0.0,1,0,0,0.0,0
160004139,6068,16,0,64.9,5,True,1,9,157,0,628.4,49,4.0025477707006365,0.0,0.0,1,0,0,0.0,0
160004139,6070,10,0,43.8,3,True,1,10,167,0,672.2,52,4.025149700598803,0.0,0.0,1,0,0,0.0,0
160004140,6054,4,0,17.6,1,False,1,1,4,0,17.6,1,4.4,0.0,0.0,1,0,0,0.0,0
160004140,6055,16,4,51.9,5,True,1,2,20,4,69.5,6,3.475,0.2,0.25,1,0,0,0.0,0
160004140,6056,12,0,46.6,4,True,2,3,32,4,116.1,10,3.628125,0.125,0.0,2,0,0,0.0,0
160004140,6059,15,11,29.8,4,True,1,4,47,15,145.9,14,3.1042553191489364,0.3191489361702128,0.7333333333333333,2,1,1,0.0,0
160004140,6061,14,0,52.8,4,True,2,5,61,15,198.7,18,3.2573770491803278,0.2459016393442623,0.0,2,0,1,0.0,0
160004140,6064,16,7,53.400000000000006,5,True,1,6,77,22,252.10000000000002,23,3.2740259740259745,0.2857142857142857,0.4375,2,0,1,0.0,0
160004140,6065,16,3,55.6,5,True,2,7,93,25,307.7,28,3.3086021505376344,0.26881720430107525,0.1875,2,0,1,0.0,0
160004140,6067,17,6,47.2,5,True,2,8,110,31,354.90000000000003,33,3.2263636363636365,0.2818181818181818,0.35294117647058826,2,0,1,0.0,0
160004140,6068,9,9,0.0,3,True,3,9,119,40,354.90000000000003,36,2.982352941176471,0.33613445378151263,1.0,3,0,1,0.0,1
160004141,6055,18,0,64.9,6,True,1,1,18,0,64.9,6,3.605555555555556,0.0,0.0,1,0,0,0.0,0
160004141,6056,17,8,47.3,5,True,1,2,35,8,112.2,11,3.205714285714286,0.22857142857142856,0.47058823529411764,1,0,0,0.0,0
160004141,6058,16,4,48.5,5,True,2,3,51,12,160.7,16,3.1509803921568627,0.23529411764705882,0.25,2,0,0,0.0,0
160004141,6059,15,8,44.1,4,True,3,4,66,20,204.8,20,3.103030303030303,0.30303030303030304,0.5333333333333333,3,1,1,0.0,0
160004141,6061,19,0,65.0,5,True,2,5,85,20,269.8,25,3.1741176470588237,0.23529411764705882,0.0,3,0,1,0.0,0
160004141,6064,20,3,75.8,6,True,1,6,105,23,345.6,31,3.291428571428572,0.21904761904761905,0.15,3,0,1,0.0,0
160004141,6065,20,3,75.1,7,True,2,7,125,26,420.7,38,3.3655999999999997,0.208,0.15,3,0,1,0.0,0
160004141,6067,17,3,64.3,6,True,2,8,142,29,485.0,44,3.415492957746479,0.20422535211267606,0.17647058823529413,3,0,1,0.0,0
160004141,6068,20,0,81.1,6,True,3,9,162,29,566.1,50,3.4944444444444445,0.17901234567901234,0.0,3,0,1,0.0,0
160004141,6070,15,0,57.099999999999994,4,True,1,10,177,29,623.2,54,3.52090395480226,0.1638418079096045,0.0,3,0,1,0.0,0
160004141,6071,17,0,68.2,5,True,1,11,194,29,691.4,59,3.5639175257731956,0.14948453608247422,0.0,3,0,1,0.0,0
160004142,6055,18,11,44.1,6,True,1,1,18,11,44.1,6,2.45,0.6111111111111112,0.6111111111111112,1,1,1,0.0,0
160004143,6055,18,15,31.6,6,True,1,1,18,15,31.6,6,1.7555555555555555,0.8333333333333334,0.8333333333333334,1,1,1,0.0,0
160004144,6055,18,18,18.3,6,True,1,1,18,18,18.3,6,1.0166666666666666,1.0,1.0,1,0,0,0.0,1
160004145,6064,18,0,69.9,5,True,1,1,18,0,69.9,5,3.8833333333333337,0.0,0.0,1,0,0,0.0,0
160004145,6065,20,3,72.1,7,True,1,2,38,3,142.0,12,3.736842105263158,0.07894736842105263,0.15,1,0,0,0.0,0
160004145,6067,19,0,77.9,7,True,2,3,57,3,219.9,19,3.8578947368421055,0.05263157894736842,0.0,2,0,0,0.0,0
160004145,6068,20,0,86.2,7,True,1,4,77,3,306.1,26,3.975324675324676,0.03896103896103896,0.0,2,0,0,0.0,0
160004145,6070,17,0,74.7,6,True,1,5,94,3,380.8,32,4.051063829787235,0.031914893617021274,0.0,2,0,0,0.0,0
160004145,6071,15,0,64.5,5,True,1,6,109,3,445.3,37,4.085321100917431,0.027522935779816515,0.0,2,0,0,0.0,0
160004145,6073,12,0,53.7,4,True,1,7,121,3,499.0,41,4.12396694214876,0.024793388429752067,0.0,2,0,0,0.0,0
160004146,6067,15,0,56.9,4,True,1,1,15,0,56.9,4,3.7933333333333334,0.0,0.0,1,0,0,0.0,0
160004146,6068,16,3,54.800000000000004,5,True,1,2,31,3,111.7,9,3.603225806451613,0.0967741935483871,0.1875,1,0,0,0.0,0
160004146,6070,18,0,68.7,5,True,2,3,49,3,180.4,14,3.6816326530612247,0.061224489795918366,0.0,2,0,0,0.0,0
160004146,6071,17,3,62.4,6,True,1,4,66,6,242.8,20,3.678787878787879,0.09090909090909091,0.17647058823529413,2,0,0,0.0,0
160004146,6073,17,0,64.60000000000001,6,True,2,5,83,6,307.4,26,3.703614457831325,0.07228915662650602,0.0,2,0,0,0.0,0
160004146,6074,17,3,64.4,6,True,1,6,100,9,371.8,32,3.718,0.09,0.17647058823529413,2,0,0,0.0,0
160004146,6076,18,0,77.10000000000001,6,True,2,7,118,9,448.90000000000003,38,3.8042372881355937,0.07627118644067797,0.0,2,0,0,0.0,0
160004146,6077,6,4,19.2,2,True,1,8,124,13,468.1,40,3.7750000000000004,0.10483870967741936,0.6666666666666666,2,1,1,0.0,0
160004147,6055,18,11,46.2,6,True,1,1,18,11,46.2,6,2.566666666666667,0.6111111111111112,0.6111111111111112,1,1,1,0.0,0
160004147,6056,16,4,51.2,5,True,2,2,34,15,97.4,11,2.864705882352941,0.4411764705882353,0.25,2,0,1,0.0,0
161004001,6067,14,6,42.1,5,True,1,1,14,6,42.1,5,3.007142857142857,0.42857142857142855,0.42857142857142855,1,0,0,0.0,0
161004001,6068,9,3,30.9,3,True,2,2,23,9,73.0,8,3.1739130434782608,0.391304347826087,0.3333333333333333,2,0,0,0.0,0
161004001,6070,11,3,27.8,3,True,2,3,34,12,100.8,11,2.9647058823529413,0.35294117647058826,0.2727272727272727,2,0,0,0.0,0
161004001,6071,12,6,22.5,4,True,3,4,46,18,123.3,15,2.6804347826086956,0.391304347826087,0.5,3,0,0,0.0,0
161004001,6073,3,0,9.0,1,True,4,5,49,18,132.3,16,2.7,0.3673469387755102,0.0,4,0,0,0.0,0
161004001,6074,15,3,61.2,5,True,2,6,64,21,193.5,21,3.0234375,0.328125,0.2,4,0,0,0.0,0
161004001,6076,14,0,52.4,5,True,2,7,78,21,245.9,26,3.1525641025641025,0.2692307692307692,0.0,4,0,0,0.0,0
161004001,6077,8,0,29.300000000000004,3,True,1,8,86,21,275.2,29,3.1999999999999997,0.2441860465116279,0.0,4,0,0,0.0,0
161004002,6053,18,3,61.2,6,True,1,1,18,3,61.2,6,3.4000000000000004,0.16666666666666666,0.16666666666666666,1,0,0,0.0,0
161004002,6055,17,0,67.7,5,True,2,2,35,3,128.9,11,3.682857142857143,0.08571428571428572,0.0,2,0,0,0.0,0
161004002,6056,17,7,52.3,5,True,1,3,52,10,181.2,16,3.4846153846153842,0.19230769230769232,0.4117647058823529,2,0,0,0.0,0
161004002,6058,19,4,65.2,5,True,2,4,71,14,246.4,21,3.470422535211268,0.19718309859154928,0.21052631578947367,2,0,0,0.0,0
161004002,6059,17,0,56.4,5,True,2,5,88,14,302.8,26,3.440909090909091,0.1590909090909091,0.0,2,0,0,0.0,0
161004002,6060,3,0,10.2,1,False,1,6,91,14,313.0,27,3.4395604395604398,0.15384615384615385,0.0,2,0,0,0.0,0
161004002,6061,18,0,70.4,6,True,1,7,109,14,383.4,33,3.5174311926605504,0.12844036697247707,0.0,2,0,0,0.0,0
161004002,6064,18,9,63.2,6,True,1,8,127,23,446.6,39,3.5165354330708665,0.18110236220472442,0.5,2,0,0,0.0,0
161004002,6065,18,3,59.7,6,True,2,9,145,26,506.3,45,3.4917241379310346,0.1793103448275862,0.16666666666666666,2,0,0,0.0,0
161004002,6067,13,0,44.099999999999994,4,True,3,10,158,26,550.4,49,3.4835443037974683,0.16455696202531644,0.0,3,0,0,0.0,0
161004002,6068,18,11,52.199999999999996,5,True,1,11,176,37,602.6,54,3.4238636363636363,0.21022727272727273,0.6111111111111112,3,1,1,0.0,0
161004002,6070,11,0,46.1,3,True,2,12,187,37,648.7,57,3.4689839572192516,0.19786096256684493,0.0,3,0,1,0.0,0
161004002,6071,13,0,54.8,4,True,1,13,200,37,703.5,61,3.5175,0.185,0.0,3,0,1,0.0,0
161004002,6073,6,0,24.3,2,True,1,14,206,37,727.8,63,3.533009708737864,0.1796116504854369,0.0,3,0,1,0.0,0
161004003,6053,19,4,62.400000000000006,5,True,1,1,19,4,62.400000000000006,5,3.28421052631579,0.21052631578947367,0.21052631578947367,1,0,0,0.0,0
161004003,6054,4,0,12.0,1,False,1,2,23,4,74.4,6,3.2347826086956526,0.17391304347826086,0.0,1,0,0,0.0,0
161004003,6055,19,0,71.7,6,True,2,3,42,4,146.10000000000002,12,3.478571428571429,0.09523809523809523,0.0,2,0,0,0.0,0
161004003,6056,19,3,64.4,6,True,1,4,61,7,210.5,18,3.4508196721311477,0.11475409836065574,0.15789473684210525,2,0,0,0.0,0
161004003,6058,15,3,52.0,5,True,2,5,76,10,262.5,23,3.4539473684210527,0.13157894736842105,0.2,2,0,0,0.0,0
161004003,6059,19,3,67.9,6,True,2,6,95,13,330.40000000000003,29,3.4778947368421056,0.1368421052631579,0.15789473684210525,2,0,0,0.0,0
161004003,6061,12,7,38.0,4,True,2,7,107,20,368.40000000000003,33,3.442990654205608,0.18691588785046728,0.5833333333333334,2,1,1,0.0,0
161004003,6064,10,0,42.099999999999994,3,True,2,8,117,20,410.5,36,3.5085470085470085,0.17094017094017094,0.0,2,0,1,0.0,0
161004003,6065,14,0,53.8,4,True,1,9,131,20,464.3,40,3.5442748091603056,0.15267175572519084,0.0,2,0,1,0.0,0
161004003,6067,8,0,31.2,2,True,1,10,139,20,495.5,42,3.564748201438849,0.14388489208633093,0.0,2,0,1,0.0,0
161004006,6053,18,3,58.8,6,True,1,1,18,3,58.8,6,3.2666666666666666,0.16666666666666666,0.16666666666666666,1,0,0,0.0,0
161004006,6055,17,3,57.4,5,True,2,2,35,6,116.19999999999999,11,3.32,0.17142857142857143,0.17647058823529413,2,0,0,0.0,0
161004006,6056,13,4,37.8,4,True,3,3,48,10,154.0,15,3.2083333333333335,0.20833333333333334,0.3076923076923077,3,0,0,0.0,0
161004006,6058,15,4,43.9,5,True,2,4,63,14,197.89999999999998,20,3.1412698412698408,0.2222222222222222,0.26666666666666666,3,0,0,0.0,0
161004007,6053,18,3,64.1,6,True,1,1,18,3,64.1,6,3.561111111111111,0.16666666666666666,0.16666666666666666,1,0,0,0.0,0
161004007,6055,19,0,74.7,6,True,2,2,37,3,138.8,12,3.7513513513513517,0.08108108108108109,0.0,2,0,0,0.0,0
161004007,6056,19,7,59.5,6,True,1,3,56,10,198.3,18,3.5410714285714286,0.17857142857142858,0.3684210526315789,2,0,0,0.0,0
161004007,6058,19,8,57.6,5,True,2,4,75,18,255.9,23,3.412,0.24,0.42105263157894735,2,0,0,0.0,0
161004007,6059,15,8,44.6,4,True,2,5,90,26,300.5,27,3.338888888888889,0.28888888888888886,0.5333333333333333,2,1,1,0.0,0
161004007,6060,4,0,15.2,1,False,2,6,94,26,315.7,28,3.358510638297872,0.2765957446808511,0.0,2,0,1,0.0,0
161004007,6061,17,0,61.9,5,True,3,7,111,26,377.6,33,3.401801801801802,0.23423423423423423,0.0,3,0,1,0.0,0
161004007,6064,19,3,73.1,6,True,1,8,130,29,450.7,39,3.4669230769230768,0.2230769230769231,0.15789473684210525,3,0,1,0.0,0
161004007,6065,18,6,59.7,6,True,2,9,148,35,510.4,45,3.4486486486486485,0.23648648648648649,0.3333333333333333,3,0,1,0.0,0
161004007,6067,9,0,34.5,3,True,3,10,157,35,544.9,48,3.470700636942675,0.2229299363057325,0.0,3,0,1,0.0,0
161004007,6068,17,0,68.3,5,True,1,11,174,35,613.2,53,3.524137931034483,0.20114942528735633,0.0,3,0,1,0.0,0
161004007,6070,16,0,64.1,5,True,1,12,190,35,677.3,58,3.5647368421052628,0.18421052631578946,0.0,3,0,1,0.0,0
161004007,6071,14,0,58.400000000000006,4,True,1,13,204,35,735.7,62,3.606372549019608,0.1715686274509804,0.0,3,0,1,0.0,0
161004008,6060,2,0,7.2,1,False,1,1,2,0,7.2,1,3.6,0.0,0.0,1,0,0,0.0,0
161004008,6061,14,14,1.2,4,True,1,2,16,14,8.4,5,0.525,0.875,1.0,1,0,0,0.0,1
161004009,6067,15,0,53.8,5,True,1,1,15,0,53.8,5,3.5866666666666664,0.0,0.0,1,0,0,0.0,0
161004009,6068,16,0,63.0,5,True,1,2,31,0,116.8,10,3.767741935483871,0.0,0.0,1,0,0,0.0,0
161004009,6070,17,0,67.5,6,True,1,3,48,0,184.3,16,3.8395833333333336,0.0,0.0,1,0,0,0.0,0
161004009,6071,17,0,77.9,6,True,1,4,65,0,262.2,22,4.033846153846154,0.0,0.0,1,0,0,0.0,0
161004009,6073,10,0,47.099999999999994,3,True,1,5,75,0,309.3,25,4.1240000000000006,0.0,0.0,1,0,0,0.0,0
161004010,6053,18,3,60.199999999999996,6,True,1,1,18,3,60.199999999999996,6,3.344444444444444,0.16666666666666666,0.16666666666666666,1,0,0,0.0,0
161004010,6055,19,4,69.4,5,True,2,2,37,7,129.6,11,3.5027027027027025,0.1891891891891892,0.21052631578947367,2,0,0,0.0,0
161004010,6056,16,4,55.7,5,True,2,3,53,11,185.3,16,3.49622641509434,0.20754716981132076,0.25,2,0,0,0.0,0
161004010,6058,19,3,63.0,5,True,3,4,72,14,248.3,21,3.448611111111111,0.19444444444444445,0.15789473684210525,3,0,0,0.0,0
161004010,6059,19,4,60.5,6,True,2,5,91,18,308.8,27,3.3934065934065933,0.1978021978021978,0.21052631578947367,3,0,0,0.0,0
161004010,6061,16,0,61.2,5,True,2,6,107,18,370.0,32,3.457943925233645,0.16822429906542055,0.0,3,0,0,0.0,0
161004010,6064,18,0,78.2,6,True,1,7,125,18,448.2,38,3.5856,0.144,0.0,3,0,0,0.0,0
161004010,6065,18,0,60.900000000000006,6,True,1,8,143,18,509.1,44,3.56013986013986,0.1258741258741259,0.0,3,0,0,0.0,0
161004010,6067,17,0,65.4,5,True,1,9,160,18,574.5,49,3.590625,0.1125,0.0,3,0,0,0.0,0
161004010,6068,15,0,64.2,4,True,1,10,175,18,638.7,53,3.649714285714286,0.10285714285714286,0.0,3,0,0,0.0,0
161004010,6070,12,0,50.099999999999994,4,True,1,11,187,18,688.8,57,3.683422459893048,0.0962566844919786,0.0,3,0,0,0.0,0
161004012,6067,18,12,45.4,6,True,1,1,18,12,45.4,6,2.522222222222222,0.6666666666666666,0.6666666666666666,1,1,1,0.0,0
161004012,6068,12,3,29.4,4,True,2,2,30,15,74.8,10,2.493333333333333,0.5,0.25,2,0,1,0.0,0
161004012,6071,13,3,43.3,4,True,3,3,43,18,118.1,14,2.7465116279069766,0.4186046511627907,0.23076923076923078,3,0,1,0.0,0
161004012,6073,16,4,56.8,5,True,2,4,59,22,174.89999999999998,19,2.9644067796610165,0.3728813559322034,0.25,3,0,1,0.0,0
161004012,6074,11,0,39.9,3,True,2,5,70,22,214.79999999999998,22,3.0685714285714285,0.3142857142857143,0.0,3,0,1,0.0,0
161004012,6076,14,0,53.599999999999994,5,True,1,6,84,22,268.4,27,3.195238095238095,0.2619047619047619,0.0,3,0,1,0.0,0
161004012,6077,14,0,50.8,5,True,1,7,98,22,319.2,32,3.257142857142857,0.22448979591836735,0.0,3,0,1,0.0,0
161004013,6053,18,0,65.0,6,True,1,1,18,0,65.0,6,3.611111111111111,0.0,0.0,1,0,0,0.0,0
161004013,6055,18,4,55.0,5,True,1,2,36,4,120.0,11,3.3333333333333335,0.1111111111111111,0.2222222222222222,1,0,0,0.0,0
161004013,6056,16,11,32.599999999999994,5,True,2,3,52,15,152.6,16,2.9346153846153844,0.28846153846153844,0.6875,2,1,1,0.0,0
161004015,6053,18,18,8.0,6,True,1,1,18,18,8.0,6,0.4444444444444444,1.0,1.0,1,0,0,0.0,1
161004017,6053,18,18,8.0,6,True,1,1,18,18,8.0,6,0.4444444444444444,1.0,1.0,1,0,0,0.0,1
161004018,6053,18,3,63.4,6,True,1,1,18,3,63.4,6,3.522222222222222,0.16666666666666666,0.16666666666666666,1,0,0,0.0,0
161004018,6055,19,0,70.4,5,True,2,2,37,3,133.8,11,3.6162162162162166,0.08108108108108109,0.0,2,0,0,0.0,0
161004018,6056,20,4,70.0,6,True,1,3,57,7,203.8,17,3.575438596491228,0.12280701754385964,0.2,2,0,0,0.0,0
161004018,6058,19,4,62.1,5,True,2,4,76,11,265.90000000000003,22,3.4986842105263163,0.14473684210526316,0.21052631578947367,2,0,0,0.0,0
161004018,6059,18,0,66.0,6,True,2,5,94,11,331.9,28,3.530851063829787,0.11702127659574468,0.0,2,0,0,0.0,0
161004018,6060,3,0,11.399999999999999,1,False,1,6,97,11,343.3,29,3.539175257731959,0.1134020618556701,0.0,2,0,0,0.0,0
161004018,6061,19,0,78.5,6,True,1,7,116,11,421.8,35,3.636206896551724,0.09482758620689655,0.0,2,0,0,0.0,0
161004018,6064,17,3,61.4,6,True,1,8,133,14,483.2,41,3.6330827067669174,0.10526315789473684,0.17647058823529413,2,0,0,0.0,0
161004018,6065,14,0,53.1,4,True,2,9,147,14,536.3,45,3.648299319727891,0.09523809523809523,0.0,2,0,0,0.0,0
161004018,6067,15,0,57.599999999999994,5,True,1,10,162,14,593.9,50,3.666049382716049,0.08641975308641975,0.0,2,0,0,0.0,0
161004018,6068,18,0,71.7,5,True,1,11,180,14,665.6,55,3.697777777777778,0.07777777777777778,0.0,2,0,0,0.0,0
161004018,6070,3,0,11.399999999999999,1,True,1,12,183,14,677.0,56,3.699453551912568,0.07650273224043716,0.0,2,0,0,0.0,0
161004021,6053,18,3,57.8,6,True,1,1,18,3,57.8,6,3.211111111111111,0.16666666666666666,0.16666666666666666,1,0,0,0.0,0
161004021,6055,17,4,52.699999999999996,5,True,2,2,35,7,110.5,11,3.157142857142857,0.2,0.23529411764705882,2,0,0,0.0,0
161004021,6056,18,8,48.6,5,True,2,3,53,15,159.1,16,3.0018867924528303,0.2830188679245283,0.4444444444444444,2,0,0,0.0,0
161004023,6067,15,0,56.5,5,True,1,1,15,0,56.5,5,3.7666666666666666,0.0,0.0,1,0,0,0.0,0
161004023,6068,16,0,61.5,5,True,1,2,31,0,118.0,10,3.806451612903226,0.0,0.0,1,0,0,0.0,0
161004023,6070,17,0,72.6,6,True,1,3,48,0,190.6,16,3.970833333333333,0.0,0.0,1,0,0,0.0,0
161004023,6071,14,0,61.0,5,True,1,4,62,0,251.6,21,4.058064516129032,0.0,0.0,1,0,0,0.0,0
161004023,6073,7,0,32.6,2,True,1,5,69,0,284.2,23,4.118840579710144,0.0,0.0,1,0,0,0.0,0
161004025,6059,20,20,21.7,6,True,1,1,20,20,21.7,6,1.085,1.0,1.0,1,0,0,0.0,1
161004026,6053,18,5,48.7,6,True,1,1,18,5,48.7,6,2.7055555555555557,0.2777777777777778,0.2777777777777778,1,0,0,0.0,0
161004026,6055,19,11,43.8,6,True,2,2,37,16,92.5,12,2.5,0.43243243243243246,0.5789473684210527,2,1,1,0.0,0
161004026,6059,14,14,8.5,4,True,3,3,51,30,101.0,16,1.9803921568627452,0.5882352941176471,1.0,3,0,1,0.0,1
161004027,6053,14,0,66.0,5,True,1,1,14,0,66.0,5,4.714285714285714,0.0,0.0,1,0,0,0.0,0
161004027,6055,17,0,75.0,5,True,1,2,31,0,141.0,10,4.548387096774194,0.0,0.0,1,0,0,0.0,0
161004027,6056,19,0,83.9,6,True,1,3,50,0,224.9,16,4.498,0.0,0.0,1,0,0,0.0,0
161004027,6058,17,0,73.8,5,True,1,4,67,0,298.7,21,4.45820895522388,0.0,0.0,1,0,0,0.0,0
161004027,6059,16,0,67.8,5,True,1,5,83,0,366.5,26,4.4156626506024095,0.0,0.0,1,0,0,0.0,0
161004027,6060,3,0,12.299999999999999,1,False,1,6,86,0,378.8,27,4.404651162790698,0.0,0.0,1,0,0,0.0,0
161004027,6061,13,0,57.5,4,True,1,7,99,0,436.3,31,4.407070707070707,0.0,0.0,1,0,0,0.0,0
161004027,6064,18,0,78.89999999999999,5,True,1,8,117,0,515.2,36,4.403418803418804,0.0,0.0,1,0,0,0.0,0
161004027,6065,14,0,64.1,4,True,1,9,131,0,579.3,40,4.422137404580153,0.0,0.0,1,0,0,0.0,0
161004029,6067,15,7,47.1,5,True,1,1,15,7,47.1,5,3.14,0.4666666666666667,0.4666666666666667,1,0,0,0.0,0
161004029,6068,17,7,54.9,5,True,2,2,32,14,102.0,10,3.1875,0.4375,0.4117647058823529,2,0,0,0.0,0
161004029,6070,7,3,12.6,2,True,3,3,39,17,114.6,12,2.9384615384615382,0.4358974358974359,0.42857142857142855,3,0,0,0.0,0
161004029,6073,3,3,1.2000000000000002,1,True,4,4,42,20,115.8,13,2.757142857142857,0.47619047619047616,1.0,4,0,0,1.0,1
161004033,6053,18,3,58.2,6,True,1,1,18,3,58.2,6,3.2333333333333334,0.16666666666666666,0.16666666666666666,1,0,0,0.0,0
161004033,6055,19,7,61.0,5,True,2,2,37,10,119.2,11,3.2216216216216216,0.2702702702702703,0.3684210526315789,2,0,0,0.0,0
161004033,6056,19,3,62.1,6,True,3,3,56,13,181.3,17,3.2375000000000003,0.23214285714285715,0.15789473684210525,3,0,0,0.0,0
161004033,6058,20,3,64.9,6,True,2,4,76,16,246.20000000000002,23,3.2394736842105267,0.21052631578947367,0.15,3,0,0,0.0,0
161004033,6059,20,4,66.2,6,True,2,5,96,20,312.40000000000003,29,3.254166666666667,0.20833333333333334,0.2,3,0,0,0.0,0
161004033,6060,2,0,8.8,1,False,1,6,98,20,321.20000000000005,30,3.277551020408164,0.20408163265306123,0.0,3,0,0,0.0,0
161004033,6061,20,0,84.8,6,True,2,7,118,20,406.0,36,3.440677966101695,0.1694915254237288,0.0,3,0,0,0.0,0
161004033,6064,18,0,70.8,6,True,1,8,136,20,476.8,42,3.5058823529411764,0.14705882352941177,0.0,3,0,0,0.0,0
161004033,6065,17,0,64.0,5,True,1,9,153,20,540.8,47,3.534640522875817,0.13071895424836602,0.0,3,0,0,0.0,0
161004033,6067,15,0,57.0,5,True,1,10,168,20,597.8,52,3.558333333333333,0.11904761904761904,0.0,3,0,0,0.0,0
161004033,6068,14,0,54.2,4,True,1,11,182,20,652.0,56,3.5824175824175826,0.10989010989010989,0.0,3,0,0,0.0,0
161004033,6070,7,0,29.2,2,True,1,12,189,20,681.2,58,3.6042328042328045,0.10582010582010581,0.0,3,0,0,0.0,0
161004036,6053,18,3,61.0,6,True,1,1,18,3,61.0,6,3.388888888888889,0.16666666666666666,0.16666666666666666,1,0,0,0.0,0
161004036,6055,19,4,55.0,5,True,2,2,37,7,116.0,11,3.135135135135135,0.1891891891891892,0.21052631578947367,2,0,0,0.0,0
161004036,6056,18,8,56.599999999999994,6,True,2,3,55,15,172.6,17,3.138181818181818,0.2727272727272727,0.4444444444444444,2,0,0,0.0,0
161004036,6058,18,4,58.8,5,True,3,4,73,19,231.39999999999998,22,3.1698630136986297,0.2602739726027397,0.2222222222222222,3,0,0,0.0,0
161004036,6059,19,12,54.0,5,True,2,5,92,31,285.4,27,3.1021739130434782,0.33695652173913043,0.631578947368421,3,1,1,0.0,0
161004036,6060,4,0,12.4,1,False,2,6,96,31,297.8,28,3.1020833333333333,0.3229166666666667,0.0,3,0,1,0.0,0
161004036,6061,20,0,83.6,6,True,3,7,116,31,381.4,34,3.2879310344827584,0.2672413793103448,0.0,3,0,1,0.0,0
161004036,6064,20,3,81.1,6,True,1,8,136,34,462.5,40,3.400735294117647,0.25,0.15,3,0,1,0.0,0
161004036,6065,18,0,64.5,6,True,2,9,154,34,527.0,46,3.4220779220779223,0.22077922077922077,0.0,3,0,1,0.0,0
161004036,6067,17,0,66.6,5,True,1,10,171,34,593.6,51,3.471345029239766,0.19883040935672514,0.0,3,0,1,0.0,0
161004036,6068,15,0,58.8,5,True,1,11,186,34,652.4,56,3.50752688172043,0.1827956989247312,0.0,3,0,1,0.0,0
161004036,6070,17,0,70.6,5,True,1,12,203,34,723.0,61,3.561576354679803,0.16748768472906403,0.0,3,0,1,0.0,0
161004039,6053,18,5,56.9,6,True,1,1,18,5,56.9,6,3.161111111111111,0.2777777777777778,0.2777777777777778,1,0,0,0.0,0
161004039,6055,19,8,51.8,6,True,2,2,37,13,108.69999999999999,12,2.9378378378378374,0.35135135135135137,0.42105263157894735,2,0,0,0.0,0
161004039,6056,17,15,20.4,6,True,2,3,54,28,129.1,18,2.390740740740741,0.5185185185185185,0.8823529411764706,2,1,1,0.0,0
161004040,6053,18,18,14.4,6,True,1,1,18,18,14.4,6,0.8,1.0,1.0,1,0,0,0.0,1
161004041,6053,18,3,67.2,6,True,1,1,18,3,67.2,6,3.7333333333333334,0.16666666666666666,0.16666666666666666,1,0,0,0.0,0
161004041,6055,17,0,62.2,5,True,2,2,35,3,129.4,11,3.6971428571428575,0.08571428571428572,0.0,2,0,0,0.0,0
161004041,6056,14,8,38.5,4,True,1,3,49,11,167.9,15,3.426530612244898,0.22448979591836735,0.5714285714285714,2,1,1,0.0,0
161004041,6058,17,0,57.9,5,True,2,4,66,11,225.8,20,3.4212121212121214,0.16666666666666666,0.0,2,0,1,0.0,0
161004041,6059,17,4,53.0,5,True,1,5,83,15,278.8,25,3.3590361445783135,0.18072289156626506,0.23529411764705882,2,0,1,0.0,0
161004041,6061,18,0,72.2,5,True,2,6,101,15,351.0,30,3.4752475247524752,0.1485148514851485,0.0,2,0,1,0.0,0
161004041,6064,19,0,74.7,6,True,1,7,120,15,425.7,36,3.5475,0.125,0.0,2,0,1,0.0,0
161004041,6065,20,0,69.5,7,True,1,8,140,15,495.2,43,3.537142857142857,0.10714285714285714,0.0,2,0,1,0.0,0
161004041,6067,17,0,68.6,5,True,1,9,157,15,563.8,48,3.5910828025477706,0.09554140127388536,0.0,2,0,1,0.0,0
161004041,6068,15,0,64.7,4,True,1,10,172,15,628.5,52,3.6540697674418605,0.0872093023255814,0.0,2,0,1,0.0,0
161004041,6070,12,0,51.8,4,True,1,11,184,15,680.3,56,3.697282608695652,0.08152173913043478,0.0,2,0,1,0.0,0
161004043,6067,15,7,36.6,5,True,1,1,15,7,36.6,5,2.44,0.4666666666666667,0.4666666666666667,1,0,0,0.0,0
161004043,6071,14,3,36.2,4,True,2,2,29,10,72.80000000000001,9,2.5103448275862075,0.3448275862068966,0.21428571428571427,2,0,0,0.0,0
161004043,6073,15,6,41.1,5,True,2,3,44,16,113.9,14,2.588636363636364,0.36363636363636365,0.4,2,0,0,0.0,0
161004043,6074,12,0,45.0,4,True,3,4,56,16,158.9,18,2.8375,0.2857142857142857,0.0,3,0,0,0.0,0
161004043,6076,18,0,60.3,6,True,1,5,74,16,219.2,24,2.962162162162162,0.21621621621621623,0.0,3,0,0,0.0,0
161004043,6077,17,3,60.699999999999996,6,True,1,6,91,19,279.9,30,3.0758241758241756,0.2087912087912088,0.17647058823529413,3,0,0,0.0,0
161004044,6053,18,3,56.8,6,True,1,1,18,3,56.8,6,3.1555555555555554,0.16666666666666666,0.16666666666666666,1,0,0,0.0,0
161004044,6055,20,10,49.0,6,True,2,2,38,13,105.8,12,2.7842105263157895,0.34210526315789475,0.5,2,0,0,0.0,0
161004044,6058,19,10,44.1,6,True,3,3,57,23,149.9,18,2.6298245614035087,0.40350877192982454,0.5263157894736842,3,1,1,0.0,0
161004046,6053,18,18,20.0,6,True,1,1,18,18,20.0,6,1.1111111111111112,1.0,1.0,1,0,0,0.0,1
161004047,6068,5,3,10.700000000000001,2,True,1,1,5,3,10.700000000000001,2,2.14,0.6,0.6,1,1,1,0.0,0
161004049,6053,18,14,40.3,6,True,1,1,18,14,40.3,6,2.238888888888889,0.7777777777777778,0.7777777777777778,1,1,1,0.0,0
161004050,6067,14,0,52.39999999999999,5,True,1,1,14,0,52.39999999999999,5,3.7428571428571424,0.0,0.0,1,0,0,0.0,0
161004050,6068,13,0,47.300000000000004,4,True,1,2,27,0,99.69999999999999,9,3.692592592592592,0.0,0.0,1,0,0,0.0,0
161004050,6070,17,0,65.8,6,True,1,3,44,0,165.5,15,3.7613636363636362,0.0,0.0,1,0,0,0.0,0
161004050,6071,18,0,71.0,6,True,1,4,62,0,236.5,21,3.814516129032258,0.0,0.0,1,0,0,0.0,0
161004050,6073,3,0,13.200000000000001,1,True,1,5,65,0,249.7,22,3.8415384615384616,0.0,0.0,1,0,0,0.0,0
161004051,6055,18,0,66.3,6,True,1,1,18,0,66.3,6,3.683333333333333,0.0,0.0,1,0,0,0.0,0
161004051,6056,18,16,27.0,5,True,1,2,36,16,93.3,11,2.591666666666667,0.4444444444444444,0.8888888888888888,1,1,1,0.0,0
161004054,6053,18,18,20.6,6,True,1,1,18,18,20.6,6,1.1444444444444446,1.0,1.0,1,0,0,0.0,1
161004055,6053,18,3,60.7,6,True,1,1,18,3,60.7,6,3.3722222222222222,0.16666666666666666,0.16666666666666666,1,0,0,0.0,0
161004055,6055,19,4,59.0,5,True,2,2,37,7,119.7,11,3.235135135135135,0.1891891891891892,0.21052631578947367,2,0,0,0.0,0
161004055,6056,16,4,50.0,5,True,2,3,53,11,169.7,16,3.20188679245283,0.20754716981132076,0.25,2,0,0,0.0,0
161004055,6058,17,3,57.900000000000006,5,True,2,4,70,14,227.60000000000002,21,3.251428571428572,0.2,0.17647058823529413,2,0,0,0.0,0
161004055,6059,17,0,67.8,5,True,2,5,87,14,295.4,26,3.3954022988505743,0.16091954022988506,0.0,2,0,0,0.0,0
161004055,6060,3,0,10.2,1,False,1,6,90,14,305.6,27,3.3955555555555557,0.15555555555555556,0.0,2,0,0,0.0,0
161004055,6061,19,8,60.300000000000004,6,True,1,7,109,22,365.9,33,3.356880733944954,0.2018348623853211,0.42105263157894735,2,0,0,0.0,0
161004055,6064,18,3,68.7,5,True,2,8,127,25,434.6,38,3.4220472440944882,0.1968503937007874,0.16666666666666666,2,0,0,0.0,0
161004055,6065,15,0,53.4,5,True,2,9,142,25,488.0,43,3.436619718309859,0.176056338028169,0.0,2,0,0,0.0,0
161004055,6067,17,0,66.5,5,True,1,10,159,25,554.5,48,3.4874213836477987,0.15723270440251572,0.0,2,0,0,0.0,0
161004055,6068,16,0,63.4,5,True,1,11,175,25,617.9,53,3.5308571428571427,0.14285714285714285,0.0,2,0,0,0.0,0
161004055,6070,9,0,34.8,3,True,1,12,184,25,652.7,56,3.5472826086956526,0.1358695652173913,0.0,2,0,0,0.0,0
161004055,6071,10,0,40.2,3,True,1,13,194,25,692.9,59,3.571649484536082,0.12886597938144329,0.0,2,0,0,0.0,0
161004100,6055,10,0,36.900000000000006,4,True,1,1,10,0,36.900000000000006,4,3.6900000000000004,0.0,0.0,1,0,0,0.0,0
161004100,6058,13,0,45.2,4,True,1,2,23,0,82.10000000000001,8,3.569565217391305,0.0,0.0,1,0,0,0.0,0
161004100,6059,13,4,39.5,4,True,1,3,36,4,121.60000000000001,12,3.377777777777778,0.1111111111111111,0.3076923076923077,1,0,0,0.0,0
161004100,6061,18,0,65.19999999999999,5,True,2,4,54,4,186.8,17,3.4592592592592593,0.07407407407407407,0.0,2,0,0,0.0,0
161004100,6064,17,0,61.8,5,True,1,5,71,4,248.6,22,3.501408450704225,0.056338028169014086,0.0,2,0,0,0.0,0
161004100,6065,18,10,50.5,6,True,1,6,89,14,299.1,28,3.360674157303371,0.15730337078651685,0.5555555555555556,2,1,1,0.0,0
161004100,6067,10,0,34.2,3,True,2,7,99,14,333.3,31,3.3666666666666667,0.1414141414141414,0.0,2,0,1,0.0,0
161004100,6068,17,4,54.3,5,True,1,8,116,18,387.6,36,3.341379310344828,0.15517241379310345,0.23529411764705882,2,0,1,0.0,0
161004100,6070,13,0,45.6,4,True,2,9,129,18,433.2,40,3.358139534883721,0.13953488372093023,0.0,2,0,1,0.0,0
161004100,6071,18,0,70.5,6,True,1,10,147,18,503.7,46,3.426530612244898,0.12244897959183673,0.0,2,0,1,0.0,0
161004100,6073,17,3,65.7,6,True,1,11,164,21,569.4,52,3.471951219512195,0.12804878048780488,0.17647058823529413,2,0,1,0.0,0
161004100,6074,17,0,72.8,6,True,2,12,181,21,642.2,58,3.5480662983425417,0.11602209944751381,0.0,2,0,1,0.0,0
161004100,6076,7,0,30.200000000000003,2,True,1,13,188,21,672.4,60,3.576595744680851,0.11170212765957446,0.0,2,0,1,0.0,0
161004101,6059,10,10,6.0,3,True,1,1,10,10,6.0,3,0.6,1.0,1.0,1,0,0,0.0,1
161004102,6067,16,6,38.5,5,True,1,1,16,6,38.5,5,2.40625,0.375,0.375,1,0,0,0.0,0
161004102,6068,8,6,17.9,3,True,2,2,24,12,56.4,8,2.35,0.5,0.75,2,1,1,0.0,0
161004102,6070,9,3,21.3,3,True,3,3,33,15,77.7,11,2.3545454545454545,0.45454545454545453,0.3333333333333333,3,0,1,0.0,0
161004103,6054,4,0,16.4,1,False,1,1,4,0,16.4,1,4.1,0.0,0.0,1,0,0,0.0,0
161004103,6055,18,4,64.7,6,True,2,2,22,4,81.1,7,3.686363636363636,0.18181818181818182,0.2222222222222222,2,0,0,0.0,0
161004103,6056,14,12,13.8,4,True,1,3,36,16,94.9,11,2.636111111111111,0.4444444444444444,0.8571428571428571,2,1,1,0.0,0
161004104,6054,4,0,12.4,1,False,1,1,4,0,12.4,1,3.1,0.0,0.0,1,0,0,0.0,0
161004104,6055,18,4,67.5,6,True,2,2,22,4,79.9,7,3.6318181818181823,0.18181818181818182,0.2222222222222222,2,0,0,0.0,0
161004104,6056,18,8,51.6,5,True,1,3,40,12,131.5,12,3.2875,0.3,0.4444444444444444,2,0,0,0.0,0
161004104,6058,18,0,63.0,5,True,2,4,58,12,194.5,17,3.353448275862069,0.20689655172413793,0.0,2,0,0,0.0,0
161004104,6059,18,0,66.4,5,True,1,5,76,12,260.9,22,3.4328947368421048,0.15789473684210525,0.0,2,0,0,0.0,0
161004104,6060,3,0,9.899999999999999,1,False,1,6,79,12,270.8,23,3.427848101265823,0.1518987341772152,0.0,2,0,0,0.0,0
161004104,6061,18,0,74.2,5,True,1,7,97,12,345.0,28,3.556701030927835,0.12371134020618557,0.0,2,0,0,0.0,0
161004104,6064,18,0,66.4,6,True,1,8,115,12,411.4,34,3.577391304347826,0.10434782608695652,0.0,2,0,0,0.0,0
161004104,6065,16,0,61.8,6,True,1,9,131,12,473.2,40,3.612213740458015,0.0916030534351145,0.0,2,0,0,0.0,0
161004104,6067,18,3,71.5,6,True,1,10,149,15,544.7,46,3.6557046979865775,0.10067114093959731,0.16666666666666666,2,0,0,0.0,0
161004104,6068,13,0,53.0,4,True,2,11,162,15,597.7,50,3.6895061728395064,0.09259259259259259,0.0,2,0,0,0.0,0
161004104,6070,12,0,48.8,3,True,1,12,174,15,646.5,53,3.7155172413793105,0.08620689655172414,0.0,2,0,0,0.0,0
161004104,6071,10,0,45.3,3,True,1,13,184,15,691.8,56,3.759782608695652,0.08152173913043478,0.0,2,0,0,0.0,0
161004105,6055,18,11,45.800000000000004,6,True,1,1,18,11,45.800000000000004,6,2.5444444444444447,0.6111111111111112,0.6111111111111112,1,1,1,0.0,0
161004105,6056,15,4,49.5,5,True,2,2,33,15,95.30000000000001,11,2.887878787878788,0.45454545454545453,0.26666666666666666,2,0,1,0.0,0
161004106,6055,18,0,68.8,6,True,1,1,18,0,68.8,6,3.822222222222222,0.0,0.0,1,0,0,0.0,0
161004106,6056,18,8,53.2,5,True,1,2,36,8,122.0,11,3.388888888888889,0.2222222222222222,0.4444444444444444,1,0,0,0.0,0
161004106,6058,19,0,71.6,6,True,2,3,55,8,193.6,17,3.52,0.14545454545454545,0.0,2,0,0,0.0,0
161004106,6059,19,0,71.2,5,True,1,4,74,8,264.8,22,3.5783783783783787,0.10810810810810811,0.0,2,0,0,0.0,0
161004106,6060,4,0,18.0,1,False,1,5,78,8,282.8,23,3.6256410256410256,0.10256410256410256,0.0,2,0,0,0.0,0
161004106,6061,20,0,75.9,6,True,1,6,98,8,358.7,29,3.660204081632653,0.08163265306122448,0.0,2,0,0,0.0,0
161004106,6064,20,0,76.6,7,True,1,7,118,8,435.3,36,3.6889830508474577,0.06779661016949153,0.0,2,0,0,0.0,0
161004106,6065,20,0,72.9,7,True,1,8,138,8,508.2,43,3.6826086956521737,0.057971014492753624,0.0,2,0,0,0.0,0
161004106,6067,14,0,53.0,4,True,1,9,152,8,561.2,47,3.6921052631578952,0.05263157894736842,0.0,2,0,0,0.0,0
161004106,6068,18,0,81.7,5,True,1,10,170,8,642.9,52,3.781764705882353,0.047058823529411764,0.0,2,0,0,0.0,0
161004106,6070,7,0,26.8,2,True,1,11,177,8,669.7,54,3.78361581920904,0.04519774011299435,0.0,2,0,0,0.0,0
161004107,6059,17,8,53.5,5,True,1,1,17,8,53.5,5,3.1470588235294117,0.47058823529411764,0.47058823529411764,1,0,0,0.0,0
161004107,6061,12,0,46.0,3,True,2,2,29,8,99.5,8,3.4310344827586206,0.27586206896551724,0.0,2,0,0,0.0,0
161004107,6064,19,0,73.9,5,True,1,3,48,8,173.4,13,3.6125000000000003,0.16666666666666666,0.0,2,0,0,0.0,0
161004107,6065,18,6,58.4,6,True,1,4,66,14,231.8,19,3.512121212121212,0.21212121212121213,0.3333333333333333,2,0,0,0.0,0
161004107,6067,15,6,45.9,5,True,2,5,81,20,277.7,24,3.428395061728395,0.24691358024691357,0.4,2,0,0,0.0,0
161004107,6068,16,7,48.8,5,True,3,6,97,27,326.5,29,3.365979381443299,0.27835051546391754,0.4375,3,0,0,0.0,0
161004107,6070,17,0,58.2,5,True,2,7,114,27,384.7,34,3.3745614035087717,0.23684210526315788,0.0,3,0,0,0.0,0
161004107,6071,18,0,70.8,6,True,1,8,132,27,455.5,40,3.4507575757575757,0.20454545454545456,0.0,3,0,0,0.0,0
161004107,6073,17,3,65.7,6,True,1,9,149,30,521.2,46,3.497986577181208,0.20134228187919462,0.17647058823529413,3,0,0,0.0,0
161004107,6074,18,0,74.9,6,True,2,10,167,30,596.1,52,3.5694610778443114,0.17964071856287425,0.0,3,0,0,0.0,0
161004107,6076,11,0,46.6,4,True,1,11,178,30,642.7,56,3.610674157303371,0.16853932584269662,0.0,3,0,0,0.0,0
161004108,6067,16,0,60.9,5,True,1,1,16,0,60.9,5,3.80625,0.0,0.0,1,0,0,0.0,0
161004108,6068,15,0,60.0,5,True,1,2,31,0,120.9,10,3.9000000000000004,0.0,0.0,1,0,0,0.0,0
161004108,6070,17,0,71.2,6,True,1,3,48,0,192.1,16,4.002083333333333,0.0,0.0,1,0,0,0.0,0
161004108,6071,18,0,78.2,6,True,1,4,66,0,270.3,22,4.095454545454546,0.0,0.0,1,0,0,0.0,0
161004109,6054,4,0,12.0,1,False,1,1,4,0,12.0,1,3.0,0.0,0.0,1,0,0,0.0,0
161004109,6055,18,4,59.2,6,True,2,2,22,4,71.2,7,3.2363636363636363,0.18181818181818182,0.2222222222222222,2,0,0,0.0,0
161004109,6056,17,17,11.6,5,True,1,3,39,21,82.8,12,2.123076923076923,0.5384615384615384,1.0,2,0,0,0.0,1
161004110,6055,18,18,30.5,6,True,1,1,18,18,30.5,6,1.6944444444444444,1.0,1.0,1,0,0,0.0,1
161004111,6055,18,0,65.3,6,True,1,1,18,0,65.3,6,3.6277777777777778,0.0,0.0,1,0,0,0.0,0
161004111,6056,18,16,33.4,5,True,1,2,36,16,98.69999999999999,11,2.7416666666666663,0.4444444444444444,0.8888888888888888,1,1,1,0.0,0
161004111,6061,12,4,43.6,3,True,2,3,48,20,142.3,14,2.9645833333333336,0.4166666666666667,0.3333333333333333,2,0,1,0.0,0
161004112,6055,18,0,69.5,6,True,1,1,18,0,69.5,6,3.861111111111111,0.0,0.0,1,0,0,0.0,0
161004112,6056,18,12,48.8,5,True,1,2,36,12,118.3,11,3.286111111111111,0.3333333333333333,0.6666666666666666,1,1,1,0.0,0
161004112,6058,20,4,76.0,6,True,2,3,56,16,194.3,17,3.4696428571428575,0.2857142857142857,0.2,2,0,1,0.0,0
161004112,6059,15,0,54.599999999999994,4,True,3,4,71,16,248.89999999999998,21,3.505633802816901,0.22535211267605634,0.0,3,0,1,0.0,0
161004112,6060,6,0,23.6,2,False,1,5,77,16,272.5,23,3.538961038961039,0.2077922077922078,0.0,3,0,1,0.0,0
161004112,6061,19,0,81.3,5,True,1,6,96,16,353.79999999999995,28,3.6854166666666663,0.16666666666666666,0.0,3,0,1,0.0,0
161004112,6064,20,0,84.0,6,True,1,7,116,16,437.79999999999995,34,3.7741379310344825,0.13793103448275862,0.0,3,0,1,0.0,0
161004112,6065,17,0,63.4,6,True,1,8,133,16,501.2,40,3.7684210526315787,0.12030075187969924,0.0,3,0,1,0.0,0
161004112,6067,18,3,70.5,6,True,1,9,151,19,571.7,46,3.7860927152317885,0.12582781456953643,0.16666666666666666,3,0,1,0.0,0
161004112,6068,13,0,53.300000000000004,4,True,2,10,164,19,625.0,50,3.8109756097560976,0.11585365853658537,0.0,3,0,1,0.0,0
161004112,6070,14,0,62.4,4,True,1,11,178,19,687.4,54,3.8617977528089886,0.10674157303370786,0.0,3,0,1,0.0,0
161004112,6071,10,0,45.3,3,True,1,12,188,19,732.7,57,3.8973404255319153,0.10106382978723404,0.0,3,0,1,0.0,0
161004114,6055,18,0,63.4,6,True,1,1,18,0,63.4,6,3.522222222222222,0.0,0.0,1,0,0,0.0,0
161004114,6056,18,16,32.2,5,True,1,2,36,16,95.6,11,2.6555555555555554,0.4444444444444444,0.8888888888888888,1,1,1,0.0,0
161004115,6055,18,0,81.3,6,True,1,1,18,0,81.3,6,4.516666666666667,0.0,0.0,1,0,0,0.0,0
161004115,6056,20,0,80.6,6,True,1,2,38,0,161.89999999999998,12,4.260526315789473,0.0,0.0,1,0,0,0.0,0
161004115,6058,18,0,63.7,5,True,1,3,56,0,225.6,17,4.0285714285714285,0.0,0.0,1,0,0,0.0,0
161004115,6059,18,4,59.400000000000006,5,True,1,4,74,4,285.0,22,3.8513513513513513,0.05405405405405406,0.2222222222222222,1,0,0,0.0,0
161004115,6060,4,0,16.4,1,False,2,5,78,4,301.4,23,3.8641025641025637,0.05128205128205128,0.0,2,0,0,0.0,0
161004115,6061,20,0,81.1,6,True,1,6,98,4,382.5,29,3.9030612244897958,0.04081632653061224,0.0,2,0,0,0.0,0
161004115,6064,19,0,75.0,7,True,1,7,117,4,457.5,36,3.91025641025641,0.03418803418803419,0.0,2,0,0,0.0,0
161004115,6065,18,0,61.199999999999996,6,True,1,8,135,4,518.7,42,3.8422222222222224,0.02962962962962963,0.0,2,0,0,0.0,0
161004115,6067,17,0,66.0,5,True,1,9,152,4,584.7,47,3.84671052631579,0.02631578947368421,0.0,2,0,0,0.0,0
161004115,6068,14,0,62.099999999999994,4,True,1,10,166,4,646.8,51,3.8963855421686744,0.024096385542168676,0.0,2,0,0,0.0,0
161004115,6070,7,0,28.400000000000002,2,True,1,11,173,4,675.1999999999999,53,3.9028901734104045,0.023121387283236993,0.0,2,0,0,0.0,0
161004119,6055,18,4,60.4,6,True,1,1,18,4,60.4,6,3.3555555555555556,0.2222222222222222,0.2222222222222222,1,0,0,0.0,0
161004119,6056,19,11,52.6,6,True,2,2,37,15,113.0,12,3.054054054054054,0.40540540540540543,0.5789473684210527,2,1,1,0.0,0
161004122,6055,18,18,28.8,6,True,1,1,18,18,28.8,6,1.6,1.0,1.0,1,0,0,0.0,1
161004123,6064,15,0,64.0,5,True,1,1,15,0,64.0,5,4.266666666666667,0.0,0.0,1,0,0,0.0,0
161004123,6065,17,4,62.7,5,True,1,2,32,4,126.7,10,3.959375,0.125,0.23529411764705882,1,0,0,0.0,0
161004123,6067,13,0,46.8,4,True,2,3,45,4,173.5,14,3.8555555555555556,0.08888888888888889,0.0,2,0,0,0.0,0
161004123,6068,16,0,60.5,5,True,1,4,61,4,234.0,19,3.8360655737704916,0.06557377049180328,0.0,2,0,0,0.0,0
161004123,6070,17,0,68.9,6,True,1,5,78,4,302.9,25,3.883333333333333,0.05128205128205128,0.0,2,0,0,0.0,0
161004123,6071,14,0,65.9,5,True,1,6,92,4,368.8,30,4.008695652173913,0.043478260869565216,0.0,2,0,0,0.0,0
161004123,6073,13,0,60.0,4,True,1,7,105,4,428.8,34,4.083809523809524,0.0380952380952381,0.0,2,0,0,0.0,0
161004124,6054,4,0,12.0,1,False,1,1,4,0,12.0,1,3.0,0.0,0.0,1,0,0,0.0,0
161004124,6055,18,4,65.6,6,True,2,2,22,4,77.6,7,3.527272727272727,0.18181818181818182,0.2222222222222222,2,0,0,0.0,0
161004124,6056,14,14,16.200000000000003,4,True,1,3,36,18,93.8,11,2.6055555555555556,0.5,1.0,2,0,0,0.0,1
161004126,6055,18,4,62.7,6,True,1,1,18,4,62.7,6,3.4833333333333334,0.2222222222222222,0.2222222222222222,1,0,0,0.0,0
161004126,6056,14,8,36.0,4,True,2,2,32,12,98.7,10,3.084375,0.375,0.5714285714285714,2,1,1,0.0,0
161004126,6058,18,14,38.2,5,True,2,3,50,26,136.9,15,2.738,0.52,0.7777777777777778,2,1,2,0.0,0
161004127,6054,4,4,6.8,1,False,1,1,4,4,6.8,1,1.7,1.0,1.0,1,0,0,0.0,0
161004127,6055,18,4,64.2,6,True,2,2,22,8,71.0,7,3.227272727272727,0.36363636363636365,0.2222222222222222,2,0,0,0.0,0
161004127,6056,13,13,3.9,4,True,3,3,35,21,74.9,11,2.14,0.6,1.0,3,0,0,0.0,1
161004128,6055,18,0,61.8,6,True,1,1,18,0,61.8,6,3.433333333333333,0.0,0.0,1,0,0,0.0,0
161004128,6056,18,16,32.8,5,True,1,2,36,16,94.6,11,2.6277777777777778,0.4444444444444444,0.8888888888888888,1,1,1,0.0,0
161004130,6064,15,0,62.3,5,True,1,1,15,0,62.3,5,4.153333333333333,0.0,0.0,1,0,0,0.0,0
161004130,6065,14,0,54.8,4,True,1,2,29,0,117.1,9,4.037931034482758,0.0,0.0,1,0,0,0.0,0
161004130,6067,11,0,43.0,4,True,1,3,40,0,160.1,13,4.0024999999999995,0.0,0.0,1,0,0,0.0,0
161004130,6068,16,0,65.10000000000001,5,True,1,4,56,0,225.2,18,4.021428571428571,0.0,0.0,1,0,0,0.0,0
161004130,6070,17,0,69.3,6,True,1,5,73,0,294.5,24,4.034246575342466,0.0,0.0,1,0,0,0.0,0
161004130,6071,16,0,74.6,6,True,1,6,89,0,369.1,30,4.147191011235956,0.0,0.0,1,0,0,0.0,0
161004130,6073,13,0,60.9,4,True,1,7,102,0,430.0,34,4.215686274509804,0.0,0.0,1,0,0,0.0,0
161004131,6055,18,18,16.0,6,True,1,1,18,18,16.0,6,0.8888888888888888,1.0,1.0,1,0,0,0.0,1
161004132,6055,18,4,60.8,6,True,1,1,18,4,60.8,6,3.3777777777777778,0.2222222222222222,0.2222222222222222,1,0,0,0.0,0
161004132,6056,19,4,71.89999999999999,6,True,2,2,37,8,132.7,12,3.586486486486486,0.21621621621621623,0.21052631578947367,2,0,0,0.0,0
161004132,6058,18,12,55.0,5,True,2,3,55,20,187.7,17,3.4127272727272726,0.36363636363636365,0.6666666666666666,2,1,1,0.0,0
161004132,6059,14,14,19.2,4,True,3,4,69,34,206.89999999999998,21,2.998550724637681,0.4927536231884058,1.0,3,0,1,0.0,1
161004133,6055,18,0,62.0,6,True,1,1,18,0,62.0,6,3.4444444444444446,0.0,0.0,1,0,0,0.0,0
161004133,6056,18,16,26.4,5,True,1,2,36,16,88.4,11,2.4555555555555557,0.4444444444444444,0.8888888888888888,1,1,1,0.0,0
161004136,6055,18,18,13.600000000000001,6,True,1,1,18,18,13.600000000000001,6,0.7555555555555556,1.0,1.0,1,0,0,0.0,1
161004137,6059,17,17,9.9,5,True,1,1,17,17,9.9,5,0.5823529411764706,1.0,1.0,1,0,0,0.0,1
161004138,6055,18,0,73.69999999999999,6,True,1,1,18,0,73.69999999999999,6,4.094444444444444,0.0,0.0,1,0,0,0.0,0
161004138,6056,18,18,13.2,5,True,1,2,36,18,86.89999999999999,11,2.4138888888888888,0.5,1.0,1,0,0,0.0,1
161004139,6054,4,4,11.2,1,False,1,1,4,4,11.2,1,2.8,1.0,1.0,1,0,0,0.0,0
161004139,6055,18,4,61.6,6,True,2,2,22,8,72.8,7,3.309090909090909,0.36363636363636365,0.2222222222222222,2,0,0,0.0,0
161004139,6056,12,10,18.0,4,True,3,3,34,18,90.80000000000001,11,2.670588235294118,0.5294117647058824,0.8333333333333334,3,1,1,0.0,0
161004141,6055,18,0,67.1,6,True,1,1,18,0,67.1,6,3.7277777777777774,0.0,0.0,1,0,0,0.0,0
161004141,6056,18,12,45.6,5,True,1,2,36,12,112.69999999999999,11,3.130555555555555,0.3333333333333333,0.6666666666666666,1,1,1,0.0,0
161004141,6058,16,4,64.4,5,True,2,3,52,16,177.1,16,3.4057692307692307,0.3076923076923077,0.25,2,0,1,0.0,0
161004142,6055,18,0,68.4,6,True,1,1,18,0,68.4,6,3.8000000000000003,0.0,0.0,1,0,0,0.0,0
161004142,6056,18,8,52.8,5,True,1,2,36,8,121.2,11,3.3666666666666667,0.2222222222222222,0.4444444444444444,1,0,0,0.0,0
161004142,6058,16,0,61.2,4,True,2,3,52,8,182.4,15,3.5076923076923077,0.15384615384615385,0.0,2,0,0,0.0,0
161004142,6059,18,0,68.3,6,True,1,4,70,8,250.7,21,3.5814285714285714,0.11428571428571428,0.0,2,0,0,0.0,0
161004142,6060,3,0,12.0,1,False,1,5,73,8,262.7,22,3.5986301369863014,0.1095890410958904,0.0,2,0,0,0.0,0
161004142,6061,17,0,73.1,5,True,1,6,90,8,335.8,27,3.7311111111111113,0.08888888888888889,0.0,2,0,0,0.0,0
161004142,6064,20,0,92.2,6,True,1,7,110,8,428.0,33,3.890909090909091,0.07272727272727272,0.0,2,0,0,0.0,0
161004142,6065,17,0,72.0,6,True,1,8,127,8,500.0,39,3.937007874015748,0.06299212598425197,0.0,2,0,0,0.0,0
161004142,6067,17,0,75.9,5,True,1,9,144,8,575.9,44,3.9993055555555554,0.05555555555555555,0.0,2,0,0,0.0,0
161004142,6068,17,0,76.6,5,True,1,10,161,8,652.5,49,4.052795031055901,0.049689440993788817,0.0,2,0,0,0.0,0
161004142,6070,9,0,37.5,3,True,1,11,170,8,690.0,52,4.0588235294117645,0.047058823529411764,0.0,2,0,0,0.0,0
161004142,6071,7,0,28.6,2,True,1,12,177,8,718.6,54,4.059887005649718,0.04519774011299435,0.0,2,0,0,0.0,0
161004143,6055,18,18,15.1,6,True,1,1,18,18,15.1,6,0.8388888888888889,1.0,1.0,1,0,0,0.0,1
161004144,6059,17,8,47.3,5,True,1,1,17,8,47.3,5,2.7823529411764705,0.47058823529411764,0.47058823529411764,1,0,0,0.0,0
161004144,6061,12,0,43.2,3,True,2,2,29,8,90.5,8,3.1206896551724137,0.27586206896551724,0.0,2,0,0,0.0,0
161004144,6064,17,0,69.8,5,True,1,3,46,8,160.3,13,3.4847826086956526,0.17391304347826086,0.0,2,0,0,0.0,0
161004144,6065,17,10,50.400000000000006,5,True,1,4,63,18,210.7,18,3.344444444444444,0.2857142857142857,0.5882352941176471,2,1,1,0.0,0
161004144,6067,10,6,27.8,3,True,2,5,73,24,238.5,21,3.267123287671233,0.3287671232876712,0.6,2,1,2,0.0,0
161004144,6071,6,6,4.8,2,True,3,6,79,30,243.3,23,3.079746835443038,0.379746835443038,1.0,3,0,2,0.0,0
161004144,6076,6,0,21.599999999999998,2,True,4,7,85,30,264.9,25,3.116470588235294,0.35294117647058826,0.0,4,0,2,0.0,0
161004146,6055,18,4,63.2,6,True,1,1,18,4,63.2,6,3.511111111111111,0.2222222222222222,0.2222222222222222,1,0,0,0.0,0
161004146,6056,18,0,61.8,5,True,2,2,36,4,125.0,11,3.4722222222222223,0.1111111111111111,0.0,2,0,0,0.0,0
161004146,6058,20,3,71.2,6,True,1,3,56,7,196.2,17,3.5035714285714286,0.125,0.15,2,0,0,0.0,0
161004146,6059,20,0,81.9,6,True,2,4,76,7,278.1,23,3.65921052631579,0.09210526315789473,0.0,2,0,0,0.0,0
161004146,6060,3,0,12.0,1,False,1,5,79,7,290.1,24,3.6721518987341777,0.08860759493670886,0.0,2,0,0,0.0,0
161004146,6061,20,0,84.3,6,True,1,6,99,7,374.4,30,3.7818181818181817,0.0707070707070707,0.0,2,0,0,0.0,0
161004146,6064,18,0,75.0,6,True,1,7,117,7,449.4,36,3.8410256410256407,0.05982905982905983,0.0,2,0,0,0.0,0
161004146,6065,15,0,65.4,5,True,1,8,132,7,514.8,41,3.8999999999999995,0.05303030303030303,0.0,2,0,0,0.0,0
161004146,6067,17,0,73.0,5,True,1,9,149,7,587.8,46,3.94496644295302,0.04697986577181208,0.0,2,0,0,0.0,0
161004146,6068,16,0,71.89999999999999,5,True,1,10,165,7,659.7,51,3.9981818181818185,0.04242424242424243,0.0,2,0,0,0.0,0
161004146,6070,11,0,44.6,3,True,1,11,176,7,704.3,54,4.001704545454545,0.03977272727272727,0.0,2,0,0,0.0,0
161004147,6054,4,0,12.0,1,False,1,1,4,0,12.0,1,3.0,0.0,0.0,1,0,0,0.0,0
161004147,6055,18,4,61.9,6,True,2,2,22,4,73.9,7,3.3590909090909093,0.18181818181818182,0.2222222222222222,2,0,0,0.0,0
161004147,6056,18,12,51.4,5,True,1,3,40,16,125.3,12,3.1325,0.4,0.6666666666666666,2,1,1,0.0,0
161004147,6058,16,0,63.0,5,True,2,4,56,16,188.3,17,3.3625000000000003,0.2857142857142857,0.0,2,0,1,0.0,0
161004147,6059,18,0,75.9,5,True,1,5,74,16,264.2,22,3.57027027027027,0.21621621621621623,0.0,2,0,1,0.0,0
161004147,6060,4,0,15.6,1,False,1,6,78,16,279.8,23,3.5871794871794873,0.20512820512820512,0.0,2,0,1,0.0,0
161004147,6061,20,0,81.8,6,True,1,7,98,16,361.6,29,3.689795918367347,0.16326530612244897,0.0,2,0,1,0.0,0
161004147,6064,20,0,89.0,6,True,1,8,118,16,450.6,35,3.8186440677966105,0.13559322033898305,0.0,2,0,1,0.0,0
161004147,6065,18,0,78.3,6,True,1,9,136,16,528.9,41,3.888970588235294,0.11764705882352941,0.0,2,0,1,0.0,0
161004147,6067,17,0,76.5,5,True,1,10,153,16,605.4,46,3.956862745098039,0.10457516339869281,0.0,2,0,1,0.0,0
161004147,6068,17,0,78.0,5,True,1,11,170,16,683.4,51,4.02,0.09411764705882353,0.0,2,0,1,0.0,0
161004147,6070,13,0,58.300000000000004,4,True,1,12,183,16,741.7,55,4.053005464480875,0.08743169398907104,0.0,2,0,1,0.0,0
161004147,6071,2,0,9.4,1,True,1,13,185,16,751.1,56,4.0600000000000005,0.08648648648648649,0.0,2,0,1,0.0,0
161004148,6055,18,0,66.2,6,True,1,1,18,0,66.2,6,3.677777777777778,0.0,0.0,1,0,0,0.0,0
161004148,6056,18,12,44.4,5,True,1,2,36,12,110.6,11,3.072222222222222,0.3333333333333333,0.6666666666666666,1,1,1,0.0,0
161004148,6058,20,3,73.7,6,True,2,3,56,15,184.3,17,3.2910714285714286,0.26785714285714285,0.15,2,0,1,0.0,0
161004148,6059,19,0,72.5,5,True,2,4,75,15,256.8,22,3.424,0.2,0.0,2,0,1,0.0,0
161004148,6060,4,0,12.8,1,False,1,5,79,15,269.6,23,3.4126582278481017,0.189873417721519,0.0,2,0,1,0.0,0
161004148,6061,20,0,82.3,6,True,1,6,99,15,351.9,29,3.5545454545454542,0.15151515151515152,0.0,2,0,1,0.0,0
161004148,6064,20,3,77.0,7,True,1,7,119,18,428.9,36,3.6042016806722685,0.15126050420168066,0.15,2,0,1,0.0,0
161004148,6065,15,0,56.1,5,True,2,8,134,18,485.0,41,3.6194029850746268,0.13432835820895522,0.0,2,0,1,0.0,0
161004148,6067,16,3,63.300000000000004,5,True,1,9,150,21,548.3,46,3.655333333333333,0.14,0.1875,2,0,1,0.0,0
161004148,6068,13,3,42.0,4,True,2,10,163,24,590.3,50,3.6214723926380366,0.147239263803681,0.23076923076923078,2,0,1,0.0,0
161004148,6070,15,0,59.3,4,True,2,11,178,24,649.6,54,3.649438202247191,0.1348314606741573,0.0,2,0,1,0.0,0
161004148,6071,6,0,22.8,2,True,1,12,184,24,672.4,56,3.654347826086956,0.13043478260869565,0.0,2,0,1,0.0,0
161004148,6076,6,3,14.399999999999999,2,True,1,13,190,27,686.8,58,3.614736842105263,0.14210526315789473,0.5,2,0,1,0.0,0
161004148,6077,3,0,9.3,1,True,2,14,193,27,696.1,59,3.606735751295337,0.13989637305699482,0.0,2,0,1,0.0,0
161004149,6055,18,18,26.0,6,True,1,1,18,18,26.0,6,1.4444444444444444,1.0,1.0,1,0,0,0.0,1
161004150,6054,4,0,12.0,1,False,1,1,4,0,12.0,1,3.0,0.0,0.0,1,0,0,0.0,0
161004150,6055,18,8,52.8,6,True,2,2,22,8,64.8,7,2.9454545454545453,0.36363636363636365,0.4444444444444444,2,0,0,0.0,0
161004150,6056,18,18,13.6,5,True,2,3,40,26,78.39999999999999,12,1.9599999999999997,0.65,1.0,2,0,0,0.0,1
161004151,6054,4,4,10.8,1,False,1,1,4,4,10.8,1,2.7,1.0,1.0,1,0,0,0.0,0
161004151,6055,18,4,59.8,6,True,2,2,22,8,70.6,7,3.209090909090909,0.36363636363636365,0.2222222222222222,2,0,0,0.0,0
161004151,6056,15,3,40.7,5,True,3,3,37,11,111.3,12,3.0081081081081082,0.2972972972972973,0.2,3,0,0,0.0,0
161004151,6058,16,8,44.2,5,True,2,4,53,19,155.5,17,2.9339622641509435,0.3584905660377358,0.5,3,0,0,0.0,0
164004000,6053,18,0,60.0,6,True,1,1,18,0,60.0,6,3.3333333333333335,0.0,0.0,1,0,0,0.0,0
164004000,6055,18,8,51.2,5,True,1,2,36,8,111.2,11,3.088888888888889,0.2222222222222222,0.4444444444444444,1,0,0,0.0,0
164004000,6056,14,14,22.4,4,True,2,3,50,22,133.6,15,2.6719999999999997,0.44,1.0,2,0,0,0.0,1
164004002,6053,18,14,40.6,6,True,1,1,18,14,40.6,6,2.2555555555555555,0.7777777777777778,0.7777777777777778,1,1,1,0.0,0
164004003,6055,18,18,4.0,6,True,1,1,18,18,4.0,6,0.2222222222222222,1.0,1.0,1,0,0,0.0,1
164004004,6053,18,8,48.400000000000006,6,True,1,1,18,8,48.400000000000006,6,2.688888888888889,0.4444444444444444,0.4444444444444444,1,0,0,0.0,0
164004004,6056,16,10,28.2,5,True,2,2,34,18,76.60000000000001,11,2.2529411764705887,0.5294117647058824,0.625,2,1,1,0.0,0
164004007,6053,18,0,69.4,6,True,1,1,18,0,69.4,6,3.855555555555556,0.0,0.0,1,0,0,0.0,0
164004007,6055,18,4,57.4,5,True,1,2,36,4,126.80000000000001,11,3.5222222222222226,0.1111111111111111,0.2222222222222222,1,0,0,0.0,0
164004007,6056,15,0,56.3,5,True,2,3,51,4,183.1,16,3.5901960784313722,0.0784313725490196,0.0,2,0,0,0.0,0
164004007,6058,16,4,47.2,4,True,1,4,67,8,230.3,20,3.437313432835821,0.11940298507462686,0.25,2,0,0,0.0,0
164004007,6059,14,4,40.8,4,True,2,5,81,12,271.1,24,3.346913580246914,0.14814814814814814,0.2857142857142857,2,0,0,0.0,0
164004007,6061,14,0,58.0,4,True,3,6,95,12,329.1,28,3.4642105263157896,0.12631578947368421,0.0,3,0,0,0.0,0
164004007,6064,12,0,48.2,4,True,1,7,107,12,377.3,32,3.5261682242990657,0.11214953271028037,0.0,3,0,0,0.0,0
164004007,6065,14,3,50.099999999999994,5,True,1,8,121,15,427.4,37,3.5322314049586776,0.12396694214876033,0.21428571428571427,3,0,0,0.0,0
164004007,6067,7,3,26.7,2,True,2,9,128,18,454.1,39,3.54765625,0.140625,0.42857142857142855,3,0,0,0.0,0
164004007,6068,10,0,36.7,3,True,3,10,138,18,490.8,42,3.5565217391304347,0.13043478260869565,0.0,3,0,0,0.0,0
164004007,6070,15,3,53.9,6,True,1,11,153,21,544.7,48,3.5601307189542486,0.13725490196078433,0.2,3,0,0,0.0,0
164004007,6071,14,0,51.39999999999999,5,True,2,12,167,21,596.1,53,3.5694610778443114,0.12574850299401197,0.0,3,0,0,0.0,0
164004007,6073,8,0,35.699999999999996,3,True,1,13,175,21,631.8,56,3.610285714285714,0.12,0.0,3,0,0,0.0,0
164004009,6053,18,8,50.6,6,True,1,1,18,8,50.6,6,2.8111111111111113,0.4444444444444444,0.4444444444444444,1,0,0,0.0,0
164004009,6055,14,4,40.6,4,True,2,2,32,12,91.2,10,2.85,0.375,0.2857142857142857,2,0,0,0.0,0
164004010,6053,18,8,52.2,6,True,1,1,18,8,52.2,6,2.9000000000000004,0.4444444444444444,0.4444444444444444,1,0,0,0.0,0
164004010,6055,14,10,38.8,4,True,2,2,32,18,91.0,10,2.84375,0.5625,0.7142857142857143,2,1,1,0.0,0
164004010,6058,14,12,21.2,4,True,3,3,46,30,112.2,14,2.4391304347826086,0.6521739130434783,0.8571428571428571,3,1,2,0.0,0
164004011,6053,18,4,56.6,6,True,1,1,18,4,56.6,6,3.1444444444444444,0.2222222222222222,0.2222222222222222,1,0,0,0.0,0
164004011,6055,17,4,56.00000000000001,5,True,2,2,35,8,112.60000000000001,11,3.2171428571428575,0.22857142857142856,0.23529411764705882,2,0,0,0.0,0
164004011,6056,18,18,17.799999999999997,5,True,2,3,53,26,130.4,16,2.460377358490566,0.49056603773584906,1.0,2,0,0,0.0,1
164004012,6053,13,6,38.8,4,True,1,1,13,6,38.8,4,2.9846153846153842,0.46153846153846156,0.46153846153846156,1,0,0,0.0,0
164004012,6056,12,4,31.2,4,True,2,2,25,10,70.0,8,2.8,0.4,0.3333333333333333,2,0,0,0.0,0
164004012,6061,12,12,24.0,3,True,2,3,37,22,94.0,11,2.5405405405405403,0.5945945945945946,1.0,2,0,0,0.0,1
164004012,6065,12,8,31.2,3,True,3,4,49,30,125.19999999999999,14,2.555102040816326,0.6122448979591837,0.6666666666666666,3,1,1,0.0,0
164004012,6067,4,0,12.0,1,True,4,5,53,30,137.2,15,2.5886792452830187,0.5660377358490566,0.0,4,0,1,0.0,0
164004012,6068,7,3,13.2,2,True,3,6,60,33,150.4,17,2.506666666666667,0.55,0.42857142857142855,4,0,1,0.0,0
164004012,6070,11,0,34.0,3,True,2,7,71,33,184.39999999999998,20,2.597183098591549,0.4647887323943662,0.0,4,0,1,0.0,0
164004012,6071,14,7,45.5,4,True,1,8,85,40,229.89999999999998,24,2.704705882352941,0.47058823529411764,0.5,4,0,1,0.0,0
164004012,6073,13,6,38.4,4,True,2,9,98,46,268.3,28,2.7377551020408166,0.46938775510204084,0.46153846153846156,4,0,1,0.0,0
164004012,6074,15,8,46.6,5,True,2,10,113,54,314.9,33,2.786725663716814,0.4778761061946903,0.5333333333333333,4,1,2,0.0,0
164004012,6076,13,4,41.4,4,True,3,11,126,58,356.3,37,2.827777777777778,0.4603174603174603,0.3076923076923077,4,0,2,0.0,0
164004012,6077,8,0,28.8,2,True,3,12,134,58,385.09999999999997,39,2.8738805970149253,0.43283582089552236,0.0,4,0,2,0.0,0
164004014,6053,18,4,57.0,6,True,1,1,18,4,57.0,6,3.1666666666666665,0.2222222222222222,0.2222222222222222,1,0,0,0.0,0
164004014,6058,14,12,13.2,4,True,2,2,32,16,70.2,10,2.19375,0.5,0.8571428571428571,2,1,1,0.0,0
164004014,6064,4,4,0.0,1,True,3,3,36,20,70.2,11,1.9500000000000002,0.5555555555555556,1.0,3,0,1,0.0,1
164004015,6053,18,4,57.8,6,True,1,1,18,4,57.8,6,3.211111111111111,0.2222222222222222,0.2222222222222222,1,0,0,0.0,0
164004015,6054,4,0,13.2,1,False,1,2,22,4,71.0,7,3.227272727272727,0.18181818181818182,0.0,1,0,0,0.0,0
164004015,6055,16,8,46.6,5,True,2,3,38,12,117.6,12,3.094736842105263,0.3157894736842105,0.5,2,0,0,0.0,0
164004015,6056,15,0,48.6,4,True,2,4,53,12,166.2,16,3.1358490566037736,0.22641509433962265,0.0,2,0,0,0.0,0
164004015,6058,14,4,40.8,4,True,1,5,67,16,207.0,20,3.08955223880597,0.23880597014925373,0.2857142857142857,2,0,0,0.0,0
164004015,6061,18,0,73.80000000000001,5,True,2,6,85,16,280.8,25,3.303529411764706,0.18823529411764706,0.0,2,0,0,0.0,0
164004015,6064,11,0,41.8,3,True,1,7,96,16,322.6,28,3.360416666666667,0.16666666666666666,0.0,2,0,0,0.0,0
164004015,6065,9,0,35.9,3,True,1,8,105,16,358.5,31,3.414285714285714,0.1523809523809524,0.0,2,0,0,0.0,0
164004015,6067,16,0,64.4,4,True,1,9,121,16,422.9,35,3.4950413223140493,0.1322314049586777,0.0,2,0,0,0.0,0
164004015,6068,14,0,50.7,5,True,1,10,135,16,473.6,40,3.5081481481481482,0.11851851851851852,0.0,2,0,0,0.0,0
164004015,6070,15,0,56.9,6,True,1,11,150,16,530.5,46,3.5366666666666666,0.10666666666666667,0.0,2,0,0,0.0,0
164004015,6071,6,0,21.3,2,True,1,12,156,16,551.8,48,3.537179487179487,0.10256410256410256,0.0,2,0,0,0.0,0
164004015,6073,14,0,61.2,6,True,1,13,170,16,613.0,54,3.6058823529411765,0.09411764705882353,0.0,2,0,0,0.0,0
164004016,6053,18,0,67.0,6,True,1,1,18,0,67.0,6,3.7222222222222223,0.0,0.0,1,0,0,0.0,0
164004016,6055,18,12,48.0,5,True,1,2,36,12,115.0,11,3.1944444444444446,0.3333333333333333,0.6666666666666666,1,1,1,0.0,0
164004017,6053,18,0,66.2,6,True,1,1,18,0,66.2,6,3.677777777777778,0.0,0.0,1,0,0,0.0,0
164004017,6054,4,0,16.8,1,False,1,2,22,0,83.0,7,3.772727272727273,0.0,0.0,1,0,0,0.0,0
164004017,6055,18,12,50.6,5,True,2,3,40,12,133.60000000000002,12,3.3400000000000007,0.3,0.6666666666666666,2,1,1,0.0,0
164004017,6056,18,8,56.0,5,True,2,4,58,20,189.60000000000002,17,3.2689655172413796,0.3448275862068966,0.4444444444444444,2,0,1,0.0,0
164004017,6058,17,0,54.0,5,True,3,5,75,20,243.60000000000002,22,3.248,0.26666666666666666,0.0,3,0,1,0.0,0
164004017,6059,13,0,45.3,4,True,1,6,88,20,288.9,26,3.2829545454545452,0.22727272727272727,0.0,3,0,1,0.0,0
164004017,6065,17,0,64.30000000000001,5,True,1,7,105,20,353.20000000000005,31,3.363809523809524,0.19047619047619047,0.0,3,0,1,0.0,0
164004017,6067,16,0,67.2,4,True,1,8,121,20,420.40000000000003,35,3.4743801652892565,0.1652892561983471,0.0,3,0,1,0.0,0
164004017,6068,13,0,47.7,4,True,1,9,134,20,468.1,39,3.4932835820895525,0.14925373134328357,0.0,3,0,1,0.0,0
164004017,6070,15,0,61.1,6,True,1,10,149,20,529.2,45,3.551677852348994,0.1342281879194631,0.0,3,0,1,0.0,0
164004017,6071,13,0,53.0,5,True,1,11,162,20,582.2,50,3.593827160493827,0.12345679012345678,0.0,3,0,1,0.0,0
164004017,6073,12,0,46.8,5,True,1,12,174,20,629.0,55,3.6149425287356323,0.11494252873563218,0.0,3,0,1,0.0,0
164004019,6053,18,4,60.6,6,True,1,1,18,4,60.6,6,3.3666666666666667,0.2222222222222222,0.2222222222222222,1,0,0,0.0,0
164004019,6055,18,16,35.0,5,True,2,2,36,20,95.6,11,2.6555555555555554,0.5555555555555556,0.8888888888888888,2,1,1,0.0,0
164004021,6053,18,4,61.8,6,True,1,1,18,4,61.8,6,3.433333333333333,0.2222222222222222,0.2222222222222222,1,0,0,0.0,0
164004021,6055,12,12,11.2,4,True,2,2,30,16,73.0,10,2.433333333333333,0.5333333333333333,1.0,2,0,0,0.0,1
164004022,6053,18,18,21.6,6,True,1,1,18,18,21.6,6,1.2000000000000002,1.0,1.0,1,0,0,0.0,1
164004023,6053,18,0,72.39999999999999,6,True,1,1,18,0,72.39999999999999,6,4.022222222222222,0.0,0.0,1,0,0,0.0,0
164004023,6055,18,4,58.8,5,True,1,2,36,4,131.2,11,3.644444444444444,0.1111111111111111,0.2222222222222222,1,0,0,0.0,0
164004023,6056,17,4,56.1,5,True,2,3,53,8,187.29999999999998,16,3.533962264150943,0.1509433962264151,0.23529411764705882,2,0,0,0.0,0
164004023,6058,18,0,65.8,5,True,2,4,71,8,253.1,21,3.564788732394366,0.11267605633802817,0.0,2,0,0,0.0,0
164004023,6059,13,0,49.199999999999996,4,True,1,5,84,8,302.3,25,3.598809523809524,0.09523809523809523,0.0,2,0,0,0.0,0
164004023,6060,3,0,11.100000000000001,1,False,1,6,87,8,313.4,26,3.602298850574712,0.09195402298850575,0.0,2,0,0,0.0,0
164004023,6061,14,2,56.8,4,True,1,7,101,10,370.2,30,3.665346534653465,0.09900990099009901,0.14285714285714285,2,0,0,0.0,0
164004023,6064,14,0,61.4,4,True,2,8,115,10,431.59999999999997,34,3.7530434782608695,0.08695652173913043,0.0,2,0,0,0.0,0
164004023,6065,17,0,64.8,6,True,1,9,132,10,496.4,40,3.7606060606060603,0.07575757575757576,0.0,2,0,0,0.0,0
164004023,6067,17,0,65.4,6,True,1,10,149,10,561.8,46,3.770469798657718,0.06711409395973154,0.0,2,0,0,0.0,0
164004023,6068,15,0,69.3,7,True,1,11,164,10,631.1,53,3.848170731707317,0.06097560975609756,0.0,2,0,0,0.0,0
164004024,6053,18,16,39.4,6,True,1,1,18,16,39.4,6,2.1888888888888887,0.8888888888888888,0.8888888888888888,1,1,1,0.0,0
164004025,6053,18,0,76.0,6,True,1,1,18,0,76.0,6,4.222222222222222,0.0,0.0,1,0,0,0.0,0
164004025,6055,18,8,55.8,5,True,1,2,36,8,131.8,11,3.6611111111111114,0.2222222222222222,0.4444444444444444,1,0,0,0.0,0
164004025,6056,17,4,56.1,5,True,2,3,53,12,187.9,16,3.5452830188679245,0.22641509433962265,0.23529411764705882,2,0,0,0.0,0
164004025,6061,14,4,47.8,4,True,2,4,67,16,235.7,20,3.517910447761194,0.23880597014925373,0.2857142857142857,2,0,0,0.0,0
164004025,6064,15,0,49.0,4,True,2,5,82,16,284.7,24,3.471951219512195,0.1951219512195122,0.0,2,0,0,0.0,0
164004025,6065,16,0,67.8,5,True,1,6,98,16,352.5,29,3.5969387755102042,0.16326530612244897,0.0,2,0,0,0.0,0
164004025,6067,15,0,62.8,4,True,1,7,113,16,415.3,33,3.6752212389380534,0.1415929203539823,0.0,2,0,0,0.0,0
164004025,6068,17,0,67.2,5,True,1,8,130,16,482.5,38,3.7115384615384617,0.12307692307692308,0.0,2,0,0,0.0,0
164004025,6070,16,0,58.5,6,True,1,9,146,16,541.0,44,3.7054794520547945,0.1095890410958904,0.0,2,0,0,0.0,0
164004025,6071,14,0,58.199999999999996,6,True,1,10,160,16,599.2,50,3.745,0.1,0.0,2,0,0,0.0,0
164004025,6073,10,0,42.4,4,True,1,11,170,16,641.6,54,3.774117647058824,0.09411764705882353,0.0,2,0,0,0.0,0
164004027,6053,18,0,62.0,6,True,1,1,18,0,62.0,6,3.4444444444444446,0.0,0.0,1,0,0,0.0,0
164004027,6055,18,16,45.0,5,True,1,2,36,16,107.0,11,2.9722222222222223,0.4444444444444444,0.8888888888888888,1,1,1,0.0,0
164004028,6053,18,0,67.8,6,True,1,1,18,0,67.8,6,3.7666666666666666,0.0,0.0,1,0,0,0.0,0
164004028,6054,4,0,16.8,1,False,1,2,22,0,84.6,7,3.8454545454545452,0.0,0.0,1,0,0,0.0,0
164004028,6055,18,16,48.0,5,True,2,3,40,16,132.6,12,3.315,0.4,0.8888888888888888,2,1,1,0.0,0
164004028,6056,14,0,47.4,4,True,2,4,54,16,180.0,16,3.3333333333333335,0.2962962962962963,0.0,2,0,1,0.0,0
164004028,6058,17,4,54.7,5,True,1,5,71,20,234.7,21,3.3056338028169012,0.28169014084507044,0.23529411764705882,2,0,1,0.0,0
164004028,6059,18,4,54.6,5,True,2,6,89,24,289.3,26,3.250561797752809,0.2696629213483146,0.2222222222222222,2,0,1,0.0,0
164004028,6061,14,2,52.2,4,True,3,7,103,26,341.5,30,3.3155339805825244,0.2524271844660194,0.14285714285714285,3,0,1,0.0,0
164004028,6064,9,0,30.8,3,True,2,8,112,26,372.3,33,3.324107142857143,0.23214285714285715,0.0,3,0,1,0.0,0
164004028,6065,12,12,0.0,4,True,1,9,124,38,372.3,37,3.0024193548387097,0.3064516129032258,1.0,3,0,1,0.0,0
164004029,6053,18,4,56.6,6,True,1,1,18,4,56.6,6,3.1444444444444444,0.2222222222222222,0.2222222222222222,1,0,0,0.0,0
164004029,6055,17,4,52.0,5,True,2,2,35,8,108.6,11,3.1028571428571428,0.22857142857142856,0.23529411764705882,2,0,0,0.0,0
164004029,6056,14,8,32.8,4,True,2,3,49,16,141.4,15,2.8857142857142857,0.32653061224489793,0.5714285714285714,2,1,1,0.0,0
164004030,6053,18,12,43.0,6,True,1,1,18,12,43.0,6,2.388888888888889,0.6666666666666666,0.6666666666666666,1,1,1,0.0,0
164004032,6053,18,4,57.2,6,True,1,1,18,4,57.2,6,3.177777777777778,0.2222222222222222,0.2222222222222222,1,0,0,0.0,0
164004032,6055,13,8,38.4,4,True,2,2,31,12,95.6,10,3.083870967741935,0.3870967741935484,0.6153846153846154,2,1,1,0.0,0
164004032,6056,12,4,31.2,3,True,3,3,43,16,126.8,13,2.9488372093023254,0.37209302325581395,0.3333333333333333,3,0,1,0.0,0
164004032,6059,16,12,32.8,4,True,2,4,59,28,159.6,17,2.705084745762712,0.4745762711864407,0.75,3,1,2,0.0,0
164004032,6064,12,0,36.8,3,True,3,5,71,28,196.39999999999998,20,2.7661971830985914,0.39436619718309857,0.0,3,0,2,0.0,0
164004032,6065,10,4,23.6,3,True,1,6,81,32,220.0,23,2.7160493827160495,0.3950617283950617,0.4,3,0,2,0.0,0
164004034,6053,18,0,62.6,6,True,1,1,18,0,62.6,6,3.477777777777778,0.0,0.0,1,0,0,0.0,0
164004034,6055,18,16,48.4,5,True,1,2,36,16,111.0,11,3.0833333333333335,0.4444444444444444,0.8888888888888888,1,1,1,0.0,0
164004034,6056,18,8,42.2,5,True,2,3,54,24,153.2,16,2.837037037037037,0.4444444444444444,0.4444444444444444,2,0,1,0.0,0
164004035,6053,18,0,72.4,6,True,1,1,18,0,72.4,6,4.022222222222222,0.0,0.0,1,0,0,0.0,0
164004035,6055,18,0,61.4,5,True,1,2,36,0,133.8,11,3.716666666666667,0.0,0.0,1,0,0,0.0,0
164004035,6056,17,4,56.1,5,True,1,3,53,4,189.9,16,3.5830188679245283,0.07547169811320754,0.23529411764705882,1,0,0,0.0,0
164004035,6058,17,0,53.6,5,True,2,4,70,4,243.5,21,3.4785714285714286,0.05714285714285714,0.0,2,0,0,0.0,0
164004035,6059,12,4,36.4,4,True,1,5,82,8,279.9,25,3.413414634146341,0.0975609756097561,0.3333333333333333,2,0,0,0.0,0
164004035,6060,3,0,10.5,1,False,1,6,85,8,290.4,26,3.4164705882352937,0.09411764705882353,0.0,2,0,0,0.0,0
164004035,6061,19,4,71.3,5,True,2,7,104,12,361.7,31,3.4778846153846152,0.11538461538461539,0.21052631578947367,2,0,0,0.0,0
164004035,6064,12,3,42.8,4,True,2,8,116,15,404.5,35,3.4870689655172415,0.12931034482758622,0.25,2,0,0,0.0,0
164004035,6065,13,0,50.6,4,True,2,9,129,15,455.1,39,3.527906976744186,0.11627906976744186,0.0,2,0,0,0.0,0
164004035,6067,15,0,57.199999999999996,5,True,1,10,144,15,512.3,44,3.5576388888888886,0.10416666666666667,0.0,2,0,0,0.0,0
164004035,6068,17,0,66.9,7,True,1,11,161,15,579.2,51,3.597515527950311,0.09316770186335403,0.0,2,0,0,0.0,0
164004035,6070,8,0,27.6,3,True,1,12,169,15,606.8,54,3.590532544378698,0.08875739644970414,0.0,2,0,0,0.0,0
164004036,6053,18,14,44.0,6,True,1,1,18,14,44.0,6,2.4444444444444446,0.7777777777777778,0.7777777777777778,1,1,1,0.0,0
164004037,6053,18,0,72.6,6,True,1,1,18,0,72.6,6,4.033333333333333,0.0,0.0,1,0,0,0.0,0
164004037,6055,18,4,57.8,5,True,1,2,36,4,130.39999999999998,11,3.622222222222222,0.1111111111111111,0.2222222222222222,1,0,0,0.0,0
164004037,6056,17,0,59.699999999999996,5,True,2,3,53,4,190.1,16,3.5867924528301884,0.07547169811320754,0.0,2,0,0,0.0,0
164004037,6058,17,0,52.0,5,True,1,4,70,4,242.1,21,3.4585714285714286,0.05714285714285714,0.0,2,0,0,0.0,0
164004037,6059,8,2,26.2,3,True,1,5,78,6,268.3,24,3.43974358974359,0.07692307692307693,0.25,2,0,0,0.0,0
164004037,6061,14,2,48.6,4,True,2,6,92,8,316.9,28,3.444565217391304,0.08695652173913043,0.14285714285714285,2,0,0,0.0,0
164004037,6064,12,0,47.0,4,True,3,7,104,8,363.9,32,3.4990384615384613,0.07692307692307693,0.0,3,0,0,0.0,0
164004037,6065,15,3,56.5,4,True,1,8,119,11,420.4,36,3.5327731092436974,0.09243697478991597,0.2,3,0,0,0.0,0
164004037,6067,14,0,56.7,5,True,2,9,133,11,477.1,41,3.587218045112782,0.08270676691729323,0.0,3,0,0,0.0,0
164004037,6068,13,0,47.7,5,True,1,10,146,11,524.8,46,3.5945205479452054,0.07534246575342465,0.0,3,0,0,0.0,0
164004037,6070,10,0,40.9,4,True,1,11,156,11,565.7,50,3.6262820512820517,0.07051282051282051,0.0,3,0,0,0.0,0
164004037,6071,9,0,37.6,4,True,1,12,165,11,603.3,54,3.6563636363636363,0.06666666666666667,0.0,3,0,0,0.0,0
164004038,6053,18,0,64.8,6,True,1,1,18,0,64.8,6,3.5999999999999996,0.0,0.0,1,0,0,0.0,0
164004038,6054,4,0,12.0,1,False,1,2,22,0,76.8,7,3.4909090909090907,0.0,0.0,1,0,0,0.0,0
164004038,6055,18,16,46.0,5,True,2,3,40,16,122.8,12,3.07,0.4,0.8888888888888888,2,1,1,0.0,0
164004038,6056,14,8,41.6,4,True,2,4,54,24,164.4,16,3.0444444444444447,0.4444444444444444,0.5714285714285714,2,1,2,0.0,0
164004039,6053,18,0,66.0,6,True,1,1,18,0,66.0,6,3.6666666666666665,0.0,0.0,1,0,0,0.0,0
164004039,6055,18,4,50.6,5,True,1,2,36,4,116.6,11,3.238888888888889,0.1111111111111111,0.2222222222222222,1,0,0,0.0,0
164004039,6056,17,4,56.599999999999994,5,True,2,3,53,8,173.2,16,3.2679245283018865,0.1509433962264151,0.23529411764705882,2,0,0,0.0,0
164004039,6058,18,4,54.0,5,True,2,4,71,12,227.2,21,3.1999999999999997,0.16901408450704225,0.2222222222222222,2,0,0,0.0,0
164004039,6059,15,3,49.2,5,True,2,5,86,15,276.4,26,3.2139534883720926,0.1744186046511628,0.2,2,0,0,0.0,0
164004039,6061,15,0,53.0,4,True,2,6,101,15,329.4,30,3.261386138613861,0.1485148514851485,0.0,2,0,0,0.0,0
164004039,6064,12,0,43.699999999999996,4,True,1,7,113,15,373.1,34,3.301769911504425,0.13274336283185842,0.0,2,0,0,0.0,0
164004039,6065,15,11,32.3,4,True,1,8,128,26,405.4,38,3.1671875,0.203125,0.7333333333333333,2,1,1,0.0,0
164004041,6053,18,12,48.2,6,True,1,1,18,12,48.2,6,2.677777777777778,0.6666666666666666,0.6666666666666666,1,1,1,0.0,0
164004041,6054,4,0,12.0,1,False,1,2,22,12,60.2,7,2.7363636363636363,0.5454545454545454,0.0,1,0,1,0.0,0
164004041,6055,14,0,45.4,4,True,2,3,36,12,105.6,11,2.933333333333333,0.3333333333333333,0.0,2,0,1,0.0,0
164004041,6056,17,4,53.8,5,True,1,4,53,16,159.4,16,3.0075471698113208,0.3018867924528302,0.23529411764705882,2,0,1,0.0,0
164004041,6058,13,0,43.6,4,True,2,5,66,16,203.0,20,3.0757575757575757,0.24242424242424243,0.0,2,0,1,0.0,0
164004041,6059,12,0,41.6,3,True,1,6,78,16,244.6,23,3.135897435897436,0.20512820512820512,0.0,2,0,1,0.0,0
164004041,6061,14,0,55.4,4,True,1,7,92,16,300.0,27,3.260869565217391,0.17391304347826086,0.0,2,0,1,0.0,0
164004041,6064,16,0,66.6,5,True,1,8,108,16,366.6,32,3.394444444444445,0.14814814814814814,0.0,2,0,1,0.0,0
164004041,6065,16,0,62.4,4,True,1,9,124,16,429.0,36,3.4596774193548385,0.12903225806451613,0.0,2,0,1,0.0,0
164004041,6067,14,0,55.099999999999994,5,True,1,10,138,16,484.09999999999997,41,3.507971014492753,0.11594202898550725,0.0,2,0,1,0.0,0
164004041,6068,13,0,48.5,5,True,1,11,151,16,532.6,46,3.5271523178807946,0.10596026490066225,0.0,2,0,1,0.0,0
164004041,6070,10,0,40.699999999999996,4,True,1,12,161,16,573.3,50,3.560869565217391,0.09937888198757763,0.0,2,0,1,0.0,0
164004041,6071,9,0,37.5,4,True,1,13,170,16,610.8,54,3.592941176470588,0.09411764705882353,0.0,2,0,1,0.0,0
164004042,6053,18,6,53.4,6,True,1,1,18,6,53.4,6,2.966666666666667,0.3333333333333333,0.3333333333333333,1,0,0,0.0,0
164004042,6055,10,10,19.2,3,True,2,2,28,16,72.6,9,2.5928571428571425,0.5714285714285714,1.0,2,0,0,0.0,1
164004044,6053,18,18,11.6,6,True,1,1,18,18,11.6,6,0.6444444444444444,1.0,1.0,1,0,0,0.0,1
164004045,6053,18,18,0.0,6,True,1,1,18,18,0.0,6,0.0,1.0,1.0,1,0,0,0.0,1
164004046,6053,18,4,57.6,6,True,1,1,18,4,57.6,6,3.2,0.2222222222222222,0.2222222222222222,1,0,0,0.0,0
164004046,6054,4,4,10.4,1,False,1,2,22,8,68.0,7,3.090909090909091,0.36363636363636365,1.0,1,0,0,0.0,0
164004046,6055,14,8,40.2,4,True,2,3,36,16,108.2,11,3.0055555555555555,0.4444444444444444,0.5714285714285714,2,1,1,0.0,0
164004047,6053,18,18,4.0,6,True,1,1,18,18,4.0,6,0.2222222222222222,1.0,1.0,1,0,0,0.0,1
164004100,6055,16,4,56.599999999999994,5,True,1,1,16,4,56.599999999999994,5,3.5374999999999996,0.25,0.25,1,0,0,0.0,0
164004100,6056,18,0,64.4,5,True,2,2,34,4,121.0,10,3.5588235294117645,0.11764705882352941,0.0,2,0,0,0.0,0
164004100,6058,18,0,66.0,5,True,1,3,52,4,187.0,15,3.5961538461538463,0.07692307692307693,0.0,2,0,0,0.0,0
164004100,6059,11,0,40.6,4,True,1,4,63,4,227.6,19,3.6126984126984127,0.06349206349206349,0.0,2,0,0,0.0,0
164004100,6060,3,0,10.8,1,False,1,5,66,4,238.4,20,3.6121212121212123,0.06060606060606061,0.0,2,0,0,0.0,0
164004100,6061,12,0,53.2,3,True,1,6,78,4,291.6,23,3.738461538461539,0.05128205128205128,0.0,2,0,0,0.0,0
164004100,6064,12,0,53.6,3,True,1,7,90,4,345.2,26,3.8355555555555556,0.044444444444444446,0.0,2,0,0,0.0,0
164004100,6065,17,0,63.7,6,True,1,8,107,4,408.90000000000003,32,3.821495327102804,0.037383177570093455,0.0,2,0,0,0.0,0
164004100,6067,17,0,66.1,6,True,1,9,124,4,475.0,38,3.8306451612903225,0.03225806451612903,0.0,2,0,0,0.0,0
164004100,6068,13,0,60.199999999999996,6,True,1,10,137,4,535.2,44,3.906569343065694,0.029197080291970802,0.0,2,0,0,0.0,0
164004101,6055,18,4,57.2,6,True,1,1,18,4,57.2,6,3.177777777777778,0.2222222222222222,0.2222222222222222,1,0,0,0.0,0
164004101,6056,16,4,54.0,5,True,2,2,34,8,111.2,11,3.2705882352941176,0.23529411764705882,0.25,2,0,0,0.0,0
164004101,6058,10,0,36.2,3,True,3,3,44,8,147.4,14,3.35,0.18181818181818182,0.0,3,0,0,0.0,0
164004101,6059,11,4,34.8,3,True,1,4,55,12,182.2,17,3.3127272727272725,0.21818181818181817,0.36363636363636365,3,0,0,0.0,0
164004101,6061,12,0,44.4,3,True,2,5,67,12,226.6,20,3.382089552238806,0.1791044776119403,0.0,3,0,0,0.0,0
164004101,6064,10,0,40.6,3,True,1,6,77,12,267.2,23,3.47012987012987,0.15584415584415584,0.0,3,0,0,0.0,0
164004101,6065,15,4,50.6,4,True,1,7,92,16,317.8,27,3.4543478260869565,0.17391304347826086,0.26666666666666666,3,0,0,0.0,0
164004101,6067,10,0,40.2,3,True,2,8,102,16,358.0,30,3.5098039215686274,0.1568627450980392,0.0,3,0,0,0.0,0
164004101,6068,14,0,49.7,4,True,1,9,116,16,407.7,34,3.514655172413793,0.13793103448275862,0.0,3,0,0,0.0,0
164004101,6070,10,0,36.0,3,True,1,10,126,16,443.7,37,3.5214285714285714,0.12698412698412698,0.0,3,0,0,0.0,0
164004101,6071,14,0,53.599999999999994,5,True,1,11,140,16,497.3,42,3.552142857142857,0.11428571428571428,0.0,3,0,0,0.0,0
164004101,6073,13,0,55.7,5,True,1,12,153,16,553.0,47,3.6143790849673203,0.10457516339869281,0.0,3,0,0,0.0,0
164004101,6074,12,0,50.7,5,True,1,13,165,16,603.7,52,3.658787878787879,0.09696969696969697,0.0,3,0,0,0.0,0
164004101,6076,5,0,18.400000000000002,2,True,1,14,170,16,622.1,54,3.6594117647058826,0.09411764705882353,0.0,3,0,0,0.0,0
164004102,6055,18,4,57.6,6,True,1,1,18,4,57.6,6,3.2,0.2222222222222222,0.2222222222222222,1,0,0,0.0,0
164004102,6056,20,12,54.199999999999996,6,True,2,2,38,16,111.8,12,2.942105263157895,0.42105263157894735,0.6,2,1,1,0.0,0
164004102,6059,16,8,47.6,4,True,3,3,54,24,159.4,16,2.951851851851852,0.4444444444444444,0.5,3,0,1,0.0,0
164004103,6055,18,18,1.2,6,True,1,1,18,18,1.2,6,0.06666666666666667,1.0,1.0,1,0,0,0.0,1
164004104,6055,18,8,54.4,6,True,1,1,18,8,54.4,6,3.022222222222222,0.4444444444444444,0.4444444444444444,1,0,0,0.0,0
164004104,6056,14,0,43.4,4,True,2,2,32,8,97.8,10,3.05625,0.25,0.0,2,0,0,0.0,0
164004104,6058,17,8,46.599999999999994,5,True,1,3,49,16,144.39999999999998,15,2.9469387755102034,0.32653061224489793,0.47058823529411764,2,0,0,0.0,0
164004104,6059,16,12,39.6,4,True,2,4,65,28,184.0,19,2.830769230769231,0.4307692307692308,0.75,2,1,1,0.0,0
164004105,6055,18,4,53.6,6,True,1,1,18,4,53.6,6,2.977777777777778,0.2222222222222222,0.2222222222222222,1,0,0,0.0,0
164004105,6056,14,4,42.4,4,True,2,2,32,8,96.0,10,3.0,0.25,0.2857142857142857,2,0,0,0.0,0
164004105,6058,19,12,44.5,5,True,2,3,51,20,140.5,15,2.7549019607843137,0.39215686274509803,0.631578947368421,2,1,1,0.0,0
164004106,6055,18,4,58.6,6,True,1,1,18,4,58.6,6,3.2555555555555555,0.2222222222222222,0.2222222222222222,1,0,0,0.0,0
164004106,6056,16,4,52.0,5,True,2,2,34,8,110.6,11,3.2529411764705882,0.23529411764705882,0.25,2,0,0,0.0,0
164004106,6058,15,4,42.6,4,True,2,3,49,12,153.2,15,3.1265306122448977,0.24489795918367346,0.26666666666666666,2,0,0,0.0,0
164004106,6059,12,12,30.0,3,True,2,4,61,24,183.2,18,3.00327868852459,0.39344262295081966,1.0,2,0,0,0.0,0
164004107,6055,18,6,54.6,6,True,1,1,18,6,54.6,6,3.033333333333333,0.3333333333333333,0.3333333333333333,1,0,0,0.0,0
164004107,6056,16,14,22.4,5,True,2,2,34,20,77.0,11,2.264705882352941,0.5882352941176471,0.875,2,1,1,0.0,0
164004108,6054,4,4,6.4,1,False,1,1,4,4,6.4,1,1.6,1.0,1.0,1,0,0,0.0,0
164004108,6055,18,4,55.599999999999994,6,True,2,2,22,8,61.99999999999999,7,2.818181818181818,0.36363636363636365,0.2222222222222222,2,0,0,0.0,0
164004109,6055,18,16,39.0,6,True,1,1,18,16,39.0,6,2.1666666666666665,0.8888888888888888,0.8888888888888888,1,1,1,0.0,0
164004110,6055,18,4,55.6,6,True,1,1,18,4,55.6,6,3.088888888888889,0.2222222222222222,0.2222222222222222,1,0,0,0.0,0
164004110,6056,14,4,42.6,4,True,2,2,32,8,98.2,10,3.06875,0.25,0.2857142857142857,2,0,0,0.0,0
164004110,6058,17,4,54.7,5,True,2,3,49,12,152.9,15,3.1204081632653065,0.24489795918367346,0.23529411764705882,2,0,0,0.0,0
164004110,6059,14,0,45.0,4,True,2,4,63,12,197.9,19,3.141269841269841,0.19047619047619047,0.0,2,0,0,0.0,0
164004110,6061,14,8,43.2,4,True,1,5,77,20,241.10000000000002,23,3.1311688311688313,0.2597402597402597,0.5714285714285714,2,1,1,0.0,0
164004110,6064,14,0,50.2,4,True,2,6,91,20,291.3,27,3.2010989010989013,0.21978021978021978,0.0,2,0,1,0.0,0
164004110,6065,15,4,51.8,4,True,2,7,106,24,343.1,31,3.236792452830189,0.22641509433962265,0.26666666666666666,2,0,1,0.0,0
164004110,6067,15,3,47.1,4,True,3,8,121,27,390.2,35,3.224793388429752,0.2231404958677686,0.2,3,0,1,0.0,0
164004110,6068,14,3,44.099999999999994,4,True,2,9,135,30,434.3,39,3.217037037037037,0.2222222222222222,0.21428571428571427,3,0,1,0.0,0
164004110,6070,12,0,41.7,4,True,3,10,147,30,476.0,43,3.238095238095238,0.20408163265306123,0.0,3,0,1,0.0,0
164004110,6071,13,0,48.1,5,True,1,11,160,30,524.1,48,3.2756250000000002,0.1875,0.0,3,0,1,0.0,0
164004110,6073,13,3,49.4,5,True,1,12,173,33,573.5,53,3.315028901734104,0.1907514450867052,0.23076923076923078,3,0,1,0.0,0
164004110,6074,14,3,54.6,6,True,2,13,187,36,628.1,59,3.3588235294117648,0.1925133689839572,0.21428571428571427,3,0,1,0.0,0
164004110,6076,3,3,8.100000000000001,1,True,3,14,190,39,636.2,60,3.348421052631579,0.20526315789473684,1.0,3,0,1,0.0,0
164004110,6077,3,0,10.2,1,True,4,15,193,39,646.4,61,3.349222797927461,0.20207253886010362,0.0,4,0,1,0.0,0
164004112,6055,18,8,52.8,6,True,1,1,18,8,52.8,6,2.933333333333333,0.4444444444444444,0.4444444444444444,1,0,0,0.0,0
164004112,6056,16,4,52.2,5,True,2,2,34,12,105.0,11,3.088235294117647,0.35294117647058826,0.25,2,0,0,0.0,0
164004112,6059,10,4,28.400000000000002,3,True,3,3,44,16,133.4,14,3.0318181818181817,0.36363636363636365,0.4,3,0,0,0.0,0
164004112,6061,12,0,37.2,3,True,2,4,56,16,170.60000000000002,17,3.0464285714285717,0.2857142857142857,0.0,3,0,0,0.0,0
164004112,6064,15,0,49.5,4,True,1,5,71,16,220.10000000000002,21,3.1000000000000005,0.22535211267605634,0.0,3,0,0,0.0,0
164004112,6065,13,0,45.4,4,True,1,6,84,16,265.5,25,3.1607142857142856,0.19047619047619047,0.0,3,0,0,0.0,0
164004112,6067,14,0,51.599999999999994,4,True,1,7,98,16,317.1,29,3.2357142857142858,0.16326530612244897,0.0,3,0,0,0.0,0
164004112,6068,15,0,56.2,4,True,1,8,113,16,373.3,33,3.3035398230088497,0.1415929203539823,0.0,3,0,0,0.0,0
164004112,6070,15,0,55.3,5,True,1,9,128,16,428.6,38,3.3484375,0.125,0.0,3,0,0,0.0,0
164004112,6071,17,0,63.300000000000004,6,True,1,10,145,16,491.9,44,3.392413793103448,0.1103448275862069,0.0,3,0,0,0.0,0
164004112,6073,11,0,48.7,4,True,1,11,156,16,540.6,48,3.4653846153846155,0.10256410256410256,0.0,3,0,0,0.0,0
164004112,6074,14,0,56.3,6,True,1,12,170,16,596.9,54,3.5111764705882353,0.09411764705882353,0.0,3,0,0,0.0,0
164004113,6055,18,0,68.2,6,True,1,1,18,0,68.2,6,3.788888888888889,0.0,0.0,1,0,0,0.0,0
164004113,6056,18,0,59.6,5,True,1,2,36,0,127.80000000000001,11,3.5500000000000003,0.0,0.0,1,0,0,0.0,0
164004113,6058,17,0,56.2,5,True,1,3,53,0,184.0,16,3.4716981132075473,0.0,0.0,1,0,0,0.0,0
164004113,6059,17,0,53.5,5,True,1,4,70,0,237.5,21,3.392857142857143,0.0,0.0,1,0,0,0.0,0
164004113,6061,17,0,68.7,5,True,1,5,87,0,306.20000000000005,26,3.519540229885058,0.0,0.0,1,0,0,0.0,0
164004113,6064,18,0,70.2,5,True,1,6,105,0,376.40000000000003,31,3.5847619047619053,0.0,0.0,1,0,0,0.0,0
164004113,6065,17,0,61.7,6,True,1,7,122,0,438.1,37,3.5909836065573773,0.0,0.0,1,0,0,0.0,0
164004113,6067,14,0,52.7,5,True,1,8,136,0,490.8,42,3.6088235294117648,0.0,0.0,1,0,0,0.0,0
164004113,6068,12,0,51.6,5,True,1,9,148,0,542.4,47,3.6648648648648647,0.0,0.0,1,0,0,0.0,0
164004113,6070,6,0,26.2,3,True,1,10,154,0,568.6,50,3.6922077922077925,0.0,0.0,1,0,0,0.0,0
164004114,6055,18,14,34.8,6,True,1,1,18,14,34.8,6,1.9333333333333331,0.7777777777777778,0.7777777777777778,1,1,1,0.0,0
164004115,6055,18,8,53.4,6,True,1,1,18,8,53.4,6,2.966666666666667,0.4444444444444444,0.4444444444444444,1,0,0,0.0,0
164004115,6056,19,8,55.3,6,True,2,2,37,16,108.69999999999999,12,2.9378378378378374,0.43243243243243246,0.42105263157894735,2,0,0,0.0,0
164004115,6059,14,8,37.4,4,True,3,3,51,24,146.1,16,2.864705882352941,0.47058823529411764,0.5714285714285714,3,1,1,0.0,0
164004116,6054,4,4,11.2,1,False,1,1,4,4,11.2,1,2.8,1.0,1.0,1,0,0,0.0,0
164004116,6055,18,8,54.6,6,True,2,2,22,12,65.8,7,2.9909090909090907,0.5454545454545454,0.4444444444444444,2,0,0,0.0,0
164004116,6058,17,4,57.7,5,True,3,3,39,16,123.5,12,3.1666666666666665,0.41025641025641024,0.23529411764705882,3,0,0,0.0,0
164004116,6059,14,0,43.6,4,True,2,4,53,16,167.10000000000002,16,3.152830188679246,0.3018867924528302,0.0,3,0,0,0.0,0
164004116,6061,14,4,50.0,4,True,1,5,67,20,217.10000000000002,20,3.240298507462687,0.29850746268656714,0.2857142857142857,3,0,0,0.0,0
164004116,6064,15,0,55.300000000000004,4,True,2,6,82,20,272.40000000000003,24,3.3219512195121954,0.24390243902439024,0.0,3,0,0,0.0,0
164004116,6065,13,3,46.3,4,True,1,7,95,23,318.7,28,3.3547368421052632,0.24210526315789474,0.23076923076923078,3,0,0,0.0,0
164004116,6067,17,4,57.599999999999994,5,True,2,8,112,27,376.3,33,3.3598214285714287,0.24107142857142858,0.23529411764705882,3,0,0,0.0,0
164004116,6068,12,0,41.599999999999994,3,True,2,9,124,27,417.9,36,3.3701612903225806,0.21774193548387097,0.0,3,0,0,0.0,0
164004116,6070,13,3,43.1,4,True,1,10,137,30,461.0,40,3.3649635036496353,0.21897810218978103,0.23076923076923078,3,0,0,0.0,0
164004116,6071,14,0,54.1,5,True,2,11,151,30,515.1,45,3.4112582781456955,0.1986754966887417,0.0,3,0,0,0.0,0
164004116,6073,13,0,54.3,5,True,1,12,164,30,569.4,50,3.471951219512195,0.18292682926829268,0.0,3,0,0,0.0,0
164004116,6074,11,0,43.5,4,True,1,13,175,30,612.9,54,3.5022857142857142,0.17142857142857143,0.0,3,0,0,0.0,0
164004116,6076,9,0,37.0,4,True,1,14,184,30,649.9,58,3.5320652173913043,0.16304347826086957,0.0,3,0,0,0.0,0
164004117,6055,18,12,51.0,6,True,1,1,18,12,51.0,6,2.8333333333333335,0.6666666666666666,0.6666666666666666,1,1,1,0.0,0
164004117,6056,16,16,17.6,5,True,2,2,34,28,68.6,11,2.0176470588235293,0.8235294117647058,1.0,2,0,1,0.0,1
164004118,6054,4,0,12.0,1,False,1,1,4,0,12.0,1,3.0,0.0,0.0,1,0,0,0.0,0
164004118,6055,18,4,61.2,6,True,2,2,22,4,73.2,7,3.3272727272727276,0.18181818181818182,0.2222222222222222,2,0,0,0.0,0
164004118,6056,18,4,53.8,5,True,1,3,40,8,127.0,12,3.175,0.2,0.2222222222222222,2,0,0,0.0,0
164004119,6055,18,6,48.400000000000006,6,True,1,1,18,6,48.400000000000006,6,2.688888888888889,0.3333333333333333,0.3333333333333333,1,0,0,0.0,0
164004120,6054,4,4,7.6,1,False,1,1,4,4,7.6,1,1.9,1.0,1.0,1,0,0,0.0,0
164004120,6055,18,10,47.4,6,True,2,2,22,14,55.0,7,2.5,0.6363636363636364,0.5555555555555556,2,1,1,0.0,0
164004120,6058,20,8,66.2,7,True,3,3,42,22,121.2,14,2.8857142857142857,0.5238095238095238,0.4,3,0,1,0.0,0
164004122,6055,18,4,57.4,6,True,1,1,18,4,57.4,6,3.1888888888888887,0.2222222222222222,0.2222222222222222,1,0,0,0.0,0
164004123,6055,18,8,53.0,6,True,1,1,18,8,53.0,6,2.9444444444444446,0.4444444444444444,0.4444444444444444,1,0,0,0.0,0
164004123,6056,14,12,32.4,4,True,2,2,32,20,85.4,10,2.66875,0.625,0.8571428571428571,2,1,1,0.0,0
164004124,6055,18,2,62.0,6,True,1,1,18,2,62.0,6,3.4444444444444446,0.1111111111111111,0.1111111111111111,1,0,0,0.0,0
164004124,6056,20,4,63.0,6,True,2,2,38,6,125.0,12,3.289473684210526,0.15789473684210525,0.2,2,0,0,0.0,0
164004124,6058,19,8,52.4,5,True,2,3,57,14,177.4,17,3.112280701754386,0.24561403508771928,0.42105263157894735,2,0,0,0.0,0
164004125,6055,18,12,45.4,6,True,1,1,18,12,45.4,6,2.522222222222222,0.6666666666666666,0.6666666666666666,1,1,1,0.0,0
164004126,6055,18,4,57.4,6,True,1,1,18,4,57.4,6,3.1888888888888887,0.2222222222222222,0.2222222222222222,1,0,0,0.0,0
164004126,6056,14,4,43.4,4,True,2,2,32,8,100.8,10,3.15,0.25,0.2857142857142857,2,0,0,0.0,0
164004126,6058,19,4,63.4,6,True,2,3,51,12,164.2,16,3.2196078431372546,0.23529411764705882,0.21052631578947367,2,0,0,0.0,0
164004126,6059,12,12,30.799999999999997,3,True,2,4,63,24,195.0,19,3.0952380952380953,0.38095238095238093,1.0,2,0,0,0.0,0
164004126,6064,16,0,53.2,4,True,3,5,79,24,248.2,23,3.141772151898734,0.3037974683544304,0.0,3,0,0,0.0,0
164004126,6065,14,0,47.4,4,True,1,6,93,24,295.6,27,3.178494623655914,0.25806451612903225,0.0,3,0,0,0.0,0
164004126,6067,15,0,55.0,4,True,1,7,108,24,350.6,31,3.2462962962962965,0.2222222222222222,0.0,3,0,0,0.0,0
164004126,6068,13,3,42.0,4,True,1,8,121,27,392.6,35,3.244628099173554,0.2231404958677686,0.23076923076923078,3,0,0,0.0,0
164004126,6070,14,3,47.2,4,True,2,9,135,30,439.8,39,3.2577777777777777,0.2222222222222222,0.21428571428571427,3,0,0,0.0,0
164004126,6071,12,0,42.9,4,True,3,10,147,30,482.7,43,3.283673469387755,0.20408163265306123,0.0,3,0,0,0.0,0
164004126,6073,11,0,43.2,4,True,1,11,158,30,525.9,47,3.328481012658228,0.189873417721519,0.0,3,0,0,0.0,0
164004126,6074,14,0,54.6,6,True,1,12,172,30,580.5,53,3.375,0.1744186046511628,0.0,3,0,0,0.0,0
164004126,6076,7,0,26.5,3,True,1,13,179,30,607.0,56,3.3910614525139664,0.16759776536312848,0.0,3,0,0,0.0,0
164004126,6077,5,0,20.4,2,True,1,14,184,30,627.4,58,3.409782608695652,0.16304347826086957,0.0,3,0,0,0.0,0
164004127,6055,18,18,36.6,6,True,1,1,18,18,36.6,6,2.033333333333333,1.0,1.0,1,0,0,0.0,1
164004128,6055,18,12,51.6,6,True,1,1,18,12,51.6,6,2.8666666666666667,0.6666666666666666,0.6666666666666666,1,1,1,0.0,0
164004128,6056,16,12,43.0,5,True,2,2,34,24,94.6,11,2.7823529411764705,0.7058823529411765,0.75,2,1,2,0.0,0
164004130,6055,18,0,67.0,6,True,1,1,18,0,67.0,6,3.7222222222222223,0.0,0.0,1,0,0,0.0,0
164004131,6054,4,4,6.8,1,False,1,1,4,4,6.8,1,1.7,1.0,1.0,1,0,0,0.0,0
164004131,6055,18,10,45.4,6,True,2,2,22,14,52.199999999999996,7,2.3727272727272726,0.6363636363636364,0.5555555555555556,2,1,1,0.0,0
164004131,6058,19,4,62.2,7,True,3,3,41,18,114.4,14,2.7902439024390246,0.43902439024390244,0.21052631578947367,3,0,1,0.0,0
164004132,6055,18,0,66.0,6,True,1,1,18,0,66.0,6,3.6666666666666665,0.0,0.0,1,0,0,0.0,0
164004132,6056,18,4,59.4,5,True,1,2,36,4,125.4,11,3.4833333333333334,0.1111111111111111,0.2222222222222222,1,0,0,0.0,0
164004132,6058,19,4,64.8,5,True,2,3,55,8,190.2,16,3.458181818181818,0.14545454545454545,0.21052631578947367,2,0,0,0.0,0
164004132,6059,20,0,70.4,6,True,2,4,75,8,260.6,22,3.474666666666667,0.10666666666666667,0.0,2,0,0,0.0,0
164004132,6061,9,0,37.0,3,True,1,5,84,8,297.6,25,3.542857142857143,0.09523809523809523,0.0,2,0,0,0.0,0
164004132,6064,13,0,49.6,4,True,1,6,97,8,347.2,29,3.579381443298969,0.08247422680412371,0.0,2,0,0,0.0,0
164004132,6065,16,0,71.2,4,True,1,7,113,8,418.4,33,3.702654867256637,0.07079646017699115,0.0,2,0,0,0.0,0
164004132,6067,14,0,55.8,5,True,1,8,127,8,474.2,38,3.7338582677165353,0.06299212598425197,0.0,2,0,0,0.0,0
164004132,6068,13,0,53.0,5,True,1,9,140,8,527.2,43,3.765714285714286,0.05714285714285714,0.0,2,0,0,0.0,0
164004132,6070,13,0,50.5,5,True,1,10,153,8,577.7,48,3.7758169934640526,0.05228758169934641,0.0,2,0,0,0.0,0
164004132,6071,9,0,39.3,4,True,1,11,162,8,617.0,52,3.808641975308642,0.04938271604938271,0.0,2,0,0,0.0,0
164004133,6055,18,2,51.8,6,True,1,1,18,2,51.8,6,2.8777777777777778,0.1111111111111111,0.1111111111111111,1,0,0,0.0,0
164004133,6056,20,14,52.6,6,True,2,2,38,16,104.4,12,2.7473684210526317,0.42105263157894735,0.7,2,1,1,0.0,0
164004133,6059,16,8,43.8,5,True,3,3,54,24,148.2,17,2.744444444444444,0.4444444444444444,0.5,3,0,1,0.0,0
164004134,6055,18,0,71.4,6,True,1,1,18,0,71.4,6,3.966666666666667,0.0,0.0,1,0,0,0.0,0
164004134,6056,18,0,68.2,5,True,1,2,36,0,139.60000000000002,11,3.877777777777778,0.0,0.0,1,0,0,0.0,0
164004134,6058,17,0,62.5,5,True,1,3,53,0,202.10000000000002,16,3.813207547169812,0.0,0.0,1,0,0,0.0,0
164004134,6059,17,0,59.5,5,True,1,4,70,0,261.6,21,3.7371428571428575,0.0,0.0,1,0,0,0.0,0
164004134,6061,17,0,72.6,5,True,1,5,87,0,334.2,26,3.8413793103448275,0.0,0.0,1,0,0,0.0,0
164004134,6064,18,0,77.6,5,True,1,6,105,0,411.8,31,3.921904761904762,0.0,0.0,1,0,0,0.0,0
164004134,6065,17,0,66.2,6,True,1,7,122,0,478.0,37,3.918032786885246,0.0,0.0,1,0,0,0.0,0
164004134,6067,17,0,66.1,6,True,1,8,139,0,544.1,43,3.9143884892086334,0.0,0.0,1,0,0,0.0,0
164004134,6068,15,0,69.1,7,True,1,9,154,0,613.2,50,3.981818181818182,0.0,0.0,1,0,0,0.0,0
164004135,6055,18,10,50.400000000000006,6,True,1,1,18,10,50.400000000000006,6,2.8000000000000003,0.5555555555555556,0.5555555555555556,1,1,1,0.0,0
164004135,6056,16,4,46.8,5,True,2,2,34,14,97.2,11,2.8588235294117648,0.4117647058823529,0.25,2,0,1,0.0,0
164004135,6059,14,8,40.0,4,True,3,3,48,22,137.2,15,2.858333333333333,0.4583333333333333,0.5714285714285714,3,1,2,0.0,0
164004135,6061,18,4,57.6,5,True,2,4,66,26,194.8,20,2.9515151515151516,0.3939393939393939,0.2222222222222222,3,0,2,0.0,0
164004135,6064,12,0,38.0,3,True,2,5,78,26,232.8,23,2.9846153846153847,0.3333333333333333,0.0,3,0,2,0.0,0
164004135,6065,10,3,31.300000000000004,3,True,1,6,88,29,264.1,26,3.001136363636364,0.32954545454545453,0.3,3,0,2,0.0,0
164004135,6067,15,0,52.2,5,True,2,7,103,29,316.3,31,3.070873786407767,0.2815533980582524,0.0,3,0,2,0.0,0
164004135,6068,15,3,49.099999999999994,4,True,1,8,118,32,365.4,35,3.0966101694915253,0.2711864406779661,0.2,3,0,2,0.0,0
164004135,6070,15,0,53.7,4,True,2,9,133,32,419.1,39,3.1511278195488726,0.24060150375939848,0.0,3,0,2,0.0,0
164004135,6071,13,3,43.8,5,True,1,10,146,35,462.9,44,3.1705479452054792,0.23972602739726026,0.23076923076923078,3,0,2,0.0,0
164004135,6073,13,0,46.0,4,True,2,11,159,35,508.9,48,3.20062893081761,0.22012578616352202,0.0,3,0,2,0.0,0
164004135,6074,14,0,55.9,5,True,1,12,173,35,564.8,53,3.2647398843930633,0.2023121387283237,0.0,3,0,2,0.0,0
164004135,6076,12,0,47.2,5,True,1,13,185,35,612.0,58,3.308108108108108,0.1891891891891892,0.0,3,0,2,0.0,0
164004135,6077,4,0,17.6,2,True,1,14,189,35,629.6,60,3.3312169312169315,0.18518518518518517,0.0,3,0,2,0.0,0
164004136,6055,18,14,33.0,6,True,1,1,18,14,33.0,6,1.8333333333333333,0.7777777777777778,0.7777777777777778,1,1,1,0.0,0
164004138,6055,18,14,44.2,6,True,1,1,18,14,44.2,6,2.4555555555555557,0.7777777777777778,0.7777777777777778,1,1,1,0.0,0
164004139,6055,18,2,57.4,6,True,1,1,18,2,57.4,6,3.1888888888888887,0.1111111111111111,0.1111111111111111,1,0,0,0.0,0
164004139,6056,20,12,52.599999999999994,6,True,2,2,38,14,110.0,12,2.8947368421052633,0.3684210526315789,0.6,2,1,1,0.0,0
164004139,6058,17,12,47.5,5,True,2,3,55,26,157.5,17,2.8636363636363638,0.4727272727272727,0.7058823529411765,2,1,2,0.0,0
164004139,6061,16,4,51.2,4,True,3,4,71,30,208.7,21,2.9394366197183097,0.4225352112676056,0.25,3,0,2,0.0,0
164004140,6054,4,4,4.8,1,False,1,1,4,4,4.8,1,1.2,1.0,1.0,1,0,0,0.0,0
164004140,6055,18,10,46.800000000000004,6,True,2,2,22,14,51.6,7,2.3454545454545457,0.6363636363636364,0.5555555555555556,2,1,1,0.0,0
164004140,6058,14,4,42.2,5,True,3,3,36,18,93.80000000000001,12,2.605555555555556,0.5,0.2857142857142857,3,0,1,0.0,0
164004141,6055,18,8,47.800000000000004,6,True,1,1,18,8,47.800000000000004,6,2.655555555555556,0.4444444444444444,0.4444444444444444,1,0,0,0.0,0
164004141,6056,16,12,42.400000000000006,5,True,2,2,34,20,90.20000000000002,11,2.6529411764705886,0.5882352941176471,0.75,2,1,1,0.0,0
164004142,6055,18,8,49.6,6,True,1,1,18,8,49.6,6,2.7555555555555555,0.4444444444444444,0.4444444444444444,1,0,0,0.0,0
164004142,6056,17,15,26.9,5,True,2,2,35,23,76.5,11,2.1857142857142855,0.6571428571428571,0.8823529411764706,2,1,1,0.0,0
164004143,6055,18,8,56.0,6,True,1,1,18,8,56.0,6,3.111111111111111,0.4444444444444444,0.4444444444444444,1,0,0,0.0,0
164004143,6056,18,0,62.2,6,True,2,2,36,8,118.2,12,3.283333333333333,0.2222222222222222,0.0,2,0,0,0.0,0
164004143,6058,18,8,53.8,5,True,1,3,54,16,172.0,17,3.185185185185185,0.2962962962962963,0.4444444444444444,2,0,0,0.0,0
164004143,6059,15,0,50.2,4,True,2,4,69,16,222.2,21,3.2202898550724637,0.2318840579710145,0.0,2,0,0,0.0,0
164004143,6060,3,3,8.7,1,False,1,5,72,19,230.9,22,3.2069444444444444,0.2638888888888889,1.0,2,0,0,0.0,0
164004143,6061,10,0,37.300000000000004,3,True,2,6,82,19,268.2,25,3.270731707317073,0.23170731707317074,0.0,2,0,0,0.0,0
164004143,6064,14,0,48.4,4,True,1,7,96,19,316.6,29,3.297916666666667,0.19791666666666666,0.0,2,0,0,0.0,0
164004143,6065,14,0,51.4,4,True,1,8,110,19,368.0,33,3.3454545454545452,0.17272727272727273,0.0,2,0,0,0.0,0
164004143,6067,18,0,65.8,5,True,1,9,128,19,433.8,38,3.3890625,0.1484375,0.0,2,0,0,0.0,0
164004143,6068,16,0,60.5,5,True,1,10,144,19,494.3,43,3.432638888888889,0.13194444444444445,0.0,2,0,0,0.0,0
164004143,6070,15,0,57.9,6,True,1,11,159,19,552.2,49,3.4729559748427676,0.11949685534591195,0.0,2,0,0,0.0,0
164004143,6071,14,0,56.1,6,True,1,12,173,19,608.3,55,3.5161849710982658,0.10982658959537572,0.0,2,0,0,0.0,0
164004144,6055,18,18,21.6,6,True,1,1,18,18,21.6,6,1.2000000000000002,1.0,1.0,1,0,0,0.0,1
164004145,6055,18,8,54.6,6,True,1,1,18,8,54.6,6,3.033333333333333,0.4444444444444444,0.4444444444444444,1,0,0,0.0,0
164004145,6056,16,16,27.4,5,True,2,2,34,24,82.0,11,2.411764705882353,0.7058823529411765,1.0,2,0,0,0.0,1
164004146,6055,18,8,55.2,6,True,1,1,18,8,55.2,6,3.066666666666667,0.4444444444444444,0.4444444444444444,1,0,0,0.0,0
164004146,6056,14,14,23.0,4,True,2,2,32,22,78.2,10,2.44375,0.6875,1.0,2,0,0,0.0,1
164004147,6055,18,4,57.0,6,True,1,1,18,4,57.0,6,3.1666666666666665,0.2222222222222222,0.2222222222222222,1,0,0,0.0,0
164004147,6056,18,16,43.2,5,True,2,2,36,20,100.2,11,2.783333333333333,0.5555555555555556,0.8888888888888888,2,1,1,0.0,0
164004147,6059,16,12,39.2,4,True,3,3,52,32,139.4,15,2.680769230769231,0.6153846153846154,0.75,3,1,2,0.0,0
164004148,6054,4,4,10.4,1,False,1,1,4,4,10.4,1,2.6,1.0,1.0,1,0,0,0.0,0
164004148,6055,18,8,50.8,6,True,2,2,22,12,61.199999999999996,7,2.7818181818181817,0.5454545454545454,0.4444444444444444,2,0,0,0.0,0
164004148,6058,14,0,43.8,4,True,3,3,36,12,105.0,11,2.9166666666666665,0.3333333333333333,0.0,3,0,0,0.0,0
164004148,6059,14,4,42.4,4,True,1,4,50,16,147.39999999999998,15,2.9479999999999995,0.32,0.2857142857142857,3,0,0,0.0,0
164004148,6061,15,4,47.3,4,True,2,5,65,20,194.7,19,2.9953846153846153,0.3076923076923077,0.26666666666666666,3,0,0,0.0,0
164004148,6064,16,0,55.6,5,True,2,6,81,20,250.29999999999998,24,3.0901234567901232,0.24691358024691357,0.0,3,0,0,0.0,0
164004148,6065,11,7,30.6,3,True,1,7,92,27,280.9,27,3.053260869565217,0.29347826086956524,0.6363636363636364,3,1,1,0.0,0
164004148,6067,7,0,22.400000000000002,2,True,2,8,99,27,303.3,29,3.063636363636364,0.2727272727272727,0.0,3,0,1,0.0,0
164004148,6068,14,0,50.4,4,True,1,9,113,27,353.7,33,3.130088495575221,0.23893805309734514,0.0,3,0,1,0.0,0
164004148,6070,15,8,44.2,4,True,1,10,128,35,397.9,37,3.10859375,0.2734375,0.5333333333333333,3,1,2,0.0,0
164004148,6071,14,8,38.0,4,True,2,11,142,43,435.9,41,3.0697183098591547,0.3028169014084507,0.5714285714285714,3,1,3,0.0,0
164004148,6073,4,4,10.4,1,True,3,12,146,47,446.3,42,3.0568493150684932,0.3219178082191781,1.0,3,0,3,0.0,0
164004148,6074,4,0,12.0,1,True,4,13,150,47,458.3,43,3.0553333333333335,0.31333333333333335,0.0,4,0,3,0.0,0
164004148,6076,15,6,38.300000000000004,5,True,2,14,165,53,496.6,48,3.0096969696969698,0.3212121212121212,0.4,4,0,3,0.0,0
164004148,6077,14,3,41.2,5,True,2,15,179,56,537.8,53,3.0044692737430165,0.3128491620111732,0.21428571428571427,4,0,3,0.0,0
